"Id","View","Entry","Label","Binding","Handler","Source","Steps","Expected","Status","Evidence","Notes"
"CompareWindow-001","CompareWindow","Window","","","KeyDown=Window_KeyDown","src/PhotoFastRater.UI/Views/CompareWindow.xaml","入口から実行し、正常・前提不足・取消・再実行を確認","UI_TEST_PLANの分野別契約とUSER_GUIDEの操作結果を満たす","NotRun","",""
"CompareWindow-002","CompareWindow","CheckBox","ズームとパンを同期","IsChecked={Binding SynchronizeViewport}","","src/PhotoFastRater.UI/Views/CompareWindow.xaml","ON/OFFを往復し、対象と保存反映を確認","UI_TEST_PLANの分野別契約とUSER_GUIDEの操作結果を満たす","NotRun","",""
"CompareWindow-003","CompareWindow","Button","表示をリセット","Command={Binding ResetViewportCommand}","","src/PhotoFastRater.UI/Views/CompareWindow.xaml","入口から実行し、正常・前提不足・取消・再実行を確認","UI_TEST_PLANの分野別契約とUSER_GUIDEの操作結果を満たす","NotRun","",""
"CompareWindow-004","CompareWindow","Button","次の組","Command={Binding AdvanceCommand}","","src/PhotoFastRater.UI/Views/CompareWindow.xaml","入口から実行し、正常・前提不足・取消・再実行を確認","UI_TEST_PLANの分野別契約とUSER_GUIDEの操作結果を満たす","NotRun","",""
"CompareWindow-005","CompareWindow","CheckBox","自動送り","IsChecked={Binding AutoAdvance}","","src/PhotoFastRater.UI/Views/CompareWindow.xaml","ON/OFFを往復し、対象と保存反映を確認","UI_TEST_PLANの分野別契約とUSER_GUIDEの操作結果を満たす","NotRun","",""
"CompareWindow-006","CompareWindow","ScrollViewer","","Tag={Binding}","ScrollChanged=PaneScrollViewer_ScrollChanged; PreviewMouseWheel=PaneScrollViewer_PreviewMouseWheel","src/PhotoFastRater.UI/Views/CompareWindow.xaml","入口から実行し、正常・前提不足・取消・再実行を確認","UI_TEST_PLANの分野別契約とUSER_GUIDEの操作結果を満たす","NotRun","",""
"CompareWindow-007","CompareWindow","Button","1","","Click=Rating_Click","src/PhotoFastRater.UI/Views/CompareWindow.xaml","入口から実行し、正常・前提不足・取消・再実行を確認","UI_TEST_PLANの分野別契約とUSER_GUIDEの操作結果を満たす","NotRun","",""
"CompareWindow-008","CompareWindow","Button","2","","Click=Rating_Click","src/PhotoFastRater.UI/Views/CompareWindow.xaml","入口から実行し、正常・前提不足・取消・再実行を確認","UI_TEST_PLANの分野別契約とUSER_GUIDEの操作結果を満たす","NotRun","",""
"CompareWindow-009","CompareWindow","Button","3","","Click=Rating_Click","src/PhotoFastRater.UI/Views/CompareWindow.xaml","入口から実行し、正常・前提不足・取消・再実行を確認","UI_TEST_PLANの分野別契約とUSER_GUIDEの操作結果を満たす","NotRun","",""
"CompareWindow-010","CompareWindow","Button","4","","Click=Rating_Click","src/PhotoFastRater.UI/Views/CompareWindow.xaml","入口から実行し、正常・前提不足・取消・再実行を確認","UI_TEST_PLANの分野別契約とUSER_GUIDEの操作結果を満たす","NotRun","",""
"CompareWindow-011","CompareWindow","Button","5","","Click=Rating_Click","src/PhotoFastRater.UI/Views/CompareWindow.xaml","入口から実行し、正常・前提不足・取消・再実行を確認","UI_TEST_PLANの分野別契約とUSER_GUIDEの操作結果を満たす","NotRun","",""
"CompareWindow-012","CompareWindow","ToggleButton","固定","IsChecked={Binding IsPinned}; Command={Binding DataContext.TogglePinCommand, RelativeSource={RelativeSource AncestorType=Window}}; CommandParameter={Binding}","","src/PhotoFastRater.UI/Views/CompareWindow.xaml","ON/OFFを往復し、対象と表示を確認","UI_TEST_PLANの分野別契約とUSER_GUIDEの操作結果を満たす","NotRun","",""
"CompareWindow-013","CompareWindow","Button","右へ入替","Command={Binding DataContext.SwapRightCommand, RelativeSource={RelativeSource AncestorType=Window}}; CommandParameter={Binding}","","src/PhotoFastRater.UI/Views/CompareWindow.xaml","入口から実行し、正常・前提不足・取消・再実行を確認","UI_TEST_PLANの分野別契約とUSER_GUIDEの操作結果を満たす","NotRun","",""
"FolderModeSettingsWindow-001","FolderModeSettingsWindow","Slider","","Value={Binding DefaultThumbnailSize}","","src/PhotoFastRater.UI/Views/FolderModeSettingsWindow.xaml","最小・既定・最大を設定し、値と効果を確認","UI_TEST_PLANの分野別契約とUSER_GUIDEの操作結果を満たす","NotRun","",""
"FolderModeSettingsWindow-002","FolderModeSettingsWindow","CheckBox","RAW+JPEGを1アイテムにまとめて表示（クリックで展開）","IsChecked={Binding GroupRawJpeg}","","src/PhotoFastRater.UI/Views/FolderModeSettingsWindow.xaml","ON/OFFを往復し、対象と保存反映を確認","UI_TEST_PLANの分野別契約とUSER_GUIDEの操作結果を満たす","NotRun","",""
"FolderModeSettingsWindow-003","FolderModeSettingsWindow","CheckBox","写真アイテムの名前欄にEXIF情報を表示","IsChecked={Binding ShowExifInItem}","","src/PhotoFastRater.UI/Views/FolderModeSettingsWindow.xaml","ON/OFFを往復し、対象と保存反映を確認","UI_TEST_PLANの分野別契約とUSER_GUIDEの操作結果を満たす","NotRun","",""
"FolderModeSettingsWindow-004","FolderModeSettingsWindow","CheckBox","レンズ名","IsChecked={Binding ExifShowLens}","","src/PhotoFastRater.UI/Views/FolderModeSettingsWindow.xaml","ON/OFFを往復し、対象と保存反映を確認","UI_TEST_PLANの分野別契約とUSER_GUIDEの操作結果を満たす","NotRun","",""
"FolderModeSettingsWindow-005","FolderModeSettingsWindow","CheckBox","撮影設定（F値 / シャッタースピード / ISO）","IsChecked={Binding ExifShowSettings}","","src/PhotoFastRater.UI/Views/FolderModeSettingsWindow.xaml","ON/OFFを往復し、対象と保存反映を確認","UI_TEST_PLANの分野別契約とUSER_GUIDEの操作結果を満たす","NotRun","",""
"FolderModeSettingsWindow-006","FolderModeSettingsWindow","CheckBox","撮影日時","IsChecked={Binding ExifShowDate}","","src/PhotoFastRater.UI/Views/FolderModeSettingsWindow.xaml","ON/OFFを往復し、対象と保存反映を確認","UI_TEST_PLANの分野別契約とUSER_GUIDEの操作結果を満たす","NotRun","",""
"FolderModeSettingsWindow-007","FolderModeSettingsWindow","CheckBox","カメラ機種名","IsChecked={Binding ExifShowCamera}","","src/PhotoFastRater.UI/Views/FolderModeSettingsWindow.xaml","ON/OFFを往復し、対象と保存反映を確認","UI_TEST_PLANの分野別契約とUSER_GUIDEの操作結果を満たす","NotRun","",""
"FolderModeSettingsWindow-008","FolderModeSettingsWindow","CheckBox","メモリ不足時に警告ポップアップを表示","IsChecked={Binding ShowMemoryWarning}","","src/PhotoFastRater.UI/Views/FolderModeSettingsWindow.xaml","ON/OFFを往復し、対象と保存反映を確認","UI_TEST_PLANの分野別契約とUSER_GUIDEの操作結果を満たす","NotRun","",""
"FolderModeSettingsWindow-009","FolderModeSettingsWindow","Slider","","Value={Binding MaxFullImageMemoryMB}","","src/PhotoFastRater.UI/Views/FolderModeSettingsWindow.xaml","最小・既定・最大を設定し、値と効果を確認","UI_TEST_PLANの分野別契約とUSER_GUIDEの操作結果を満たす","NotRun","",""
"FolderModeSettingsWindow-010","FolderModeSettingsWindow","Button","設定ファイルを開く (JSON)","","Click=OpenSettingsFile_Click","src/PhotoFastRater.UI/Views/FolderModeSettingsWindow.xaml","入口から実行し、正常・前提不足・取消・再実行を確認","UI_TEST_PLANの分野別契約とUSER_GUIDEの操作結果を満たす","NotRun","",""
"FolderModeSettingsWindow-011","FolderModeSettingsWindow","Button","キャンセル","","Click=Cancel_Click","src/PhotoFastRater.UI/Views/FolderModeSettingsWindow.xaml","入口から実行し、正常・前提不足・取消・再実行を確認","UI_TEST_PLANの分野別契約とUSER_GUIDEの操作結果を満たす","NotRun","",""
"FolderModeSettingsWindow-012","FolderModeSettingsWindow","Button","保存して閉じる","","Click=Save_Click","src/PhotoFastRater.UI/Views/FolderModeSettingsWindow.xaml","入口から実行し、正常・前提不足・取消・再実行を確認","UI_TEST_PLANの分野別契約とUSER_GUIDEの操作結果を満たす","NotRun","",""
"FolderModeWindow-001","FolderModeWindow","Window","","","DragOver=Window_DragOver; Drop=Window_Drop; SizeChanged=Window_SizeChanged","src/PhotoFastRater.UI/Views/FolderModeWindow.xaml","入口から実行し、正常・前提不足・取消・再実行を確認","UI_TEST_PLANの分野別契約とUSER_GUIDEの操作結果を満たす","NotRun","",""
"FolderModeWindow-002","FolderModeWindow","Button","フォルダを開く","Command={Binding OpenFolderCommand}","","src/PhotoFastRater.UI/Views/FolderModeWindow.xaml","入口から実行し、正常・前提不足・取消・再実行を確認","UI_TEST_PLANの分野別契約とUSER_GUIDEの操作結果を満たす","NotRun","",""
"FolderModeWindow-003","FolderModeWindow","ToggleButton","","IsChecked={Binding IsTreeViewMode}","","src/PhotoFastRater.UI/Views/FolderModeWindow.xaml","ON/OFFを往復し、対象と表示を確認","UI_TEST_PLANの分野別契約とUSER_GUIDEの操作結果を満たす","NotRun","",""
"FolderModeWindow-004","FolderModeWindow","ToggleButton","","IsChecked={Binding IsFilterPanelOpen}","","src/PhotoFastRater.UI/Views/FolderModeWindow.xaml","ON/OFFを往復し、対象と表示を確認","UI_TEST_PLANの分野別契約とUSER_GUIDEの操作結果を満たす","NotRun","",""
"FolderModeWindow-005","FolderModeWindow","Slider","","Value={Binding ThumbnailSize}","","src/PhotoFastRater.UI/Views/FolderModeWindow.xaml","最小・既定・最大を設定し、値と効果を確認","UI_TEST_PLANの分野別契約とUSER_GUIDEの操作結果を満たす","NotRun","",""
"FolderModeWindow-006","FolderModeWindow","Button","保存","Command={Binding SaveSessionCommand}","","src/PhotoFastRater.UI/Views/FolderModeWindow.xaml","入口から実行し、正常・前提不足・取消・再実行を確認","UI_TEST_PLANの分野別契約とUSER_GUIDEの操作結果を満たす","NotRun","",""
"FolderModeWindow-007","FolderModeWindow","Button","DBに追加","Command={Binding ExportToDbCommand}","","src/PhotoFastRater.UI/Views/FolderModeWindow.xaml","入口から実行し、正常・前提不足・取消・再実行を確認","UI_TEST_PLANの分野別契約とUSER_GUIDEの操作結果を満たす","NotRun","",""
"FolderModeWindow-008","FolderModeWindow","Button","再読み込み","Command={Binding ReloadFolderCommand}","","src/PhotoFastRater.UI/Views/FolderModeWindow.xaml","入口から実行し、正常・前提不足・取消・再実行を確認","UI_TEST_PLANの分野別契約とUSER_GUIDEの操作結果を満たす","NotRun","",""
"FolderModeWindow-009","FolderModeWindow","ToggleButton","","IsChecked={Binding ShowOriginalImages}","","src/PhotoFastRater.UI/Views/FolderModeWindow.xaml","ON/OFFを往復し、対象と表示を確認","UI_TEST_PLANの分野別契約とUSER_GUIDEの操作結果を満たす","NotRun","",""
"FolderModeWindow-010","FolderModeWindow","ToggleButton","","IsChecked={Binding UniformPhotoSize}","","src/PhotoFastRater.UI/Views/FolderModeWindow.xaml","ON/OFFを往復し、対象と表示を確認","UI_TEST_PLANの分野別契約とUSER_GUIDEの操作結果を満たす","NotRun","",""
"FolderModeWindow-011","FolderModeWindow","ToggleButton","","IsChecked={Binding NameLabelBelow}","","src/PhotoFastRater.UI/Views/FolderModeWindow.xaml","ON/OFFを往復し、対象と表示を確認","UI_TEST_PLANの分野別契約とUSER_GUIDEの操作結果を満たす","NotRun","",""
"FolderModeWindow-012","FolderModeWindow","ToggleButton","","IsChecked={Binding IsInlinePreviewMode}","","src/PhotoFastRater.UI/Views/FolderModeWindow.xaml","ON/OFFを往復し、対象と表示を確認","UI_TEST_PLANの分野別契約とUSER_GUIDEの操作結果を満たす","NotRun","",""
"FolderModeWindow-013","FolderModeWindow","Button","プレビュー","","Click=OpenPreview_Click","src/PhotoFastRater.UI/Views/FolderModeWindow.xaml","入口から実行し、正常・前提不足・取消・再実行を確認","UI_TEST_PLANの分野別契約とUSER_GUIDEの操作結果を満たす","NotRun","",""
"FolderModeWindow-014","FolderModeWindow","Button","設定","Command={Binding OpenSettingsCommand}","","src/PhotoFastRater.UI/Views/FolderModeWindow.xaml","入口から実行し、正常・前提不足・取消・再実行を確認","UI_TEST_PLANの分野別契約とUSER_GUIDEの操作結果を満たす","NotRun","",""
"FolderModeWindow-015","FolderModeWindow","Button","ショートカット設定","Command={Binding OpenKeyboardShortcutsCommand}","","src/PhotoFastRater.UI/Views/FolderModeWindow.xaml","入口から実行し、正常・前提不足・取消・再実行を確認","UI_TEST_PLANの分野別契約とUSER_GUIDEの操作結果を満たす","NotRun","",""
"FolderModeWindow-016","FolderModeWindow","TextBox","{Binding FilterNameSearch, UpdateSourceTrigger=PropertyChanged}","Text={Binding FilterNameSearch, UpdateSourceTrigger=PropertyChanged}","","src/PhotoFastRater.UI/Views/FolderModeWindow.xaml","空・正常・境界・不正入力、入力中のキー誤発動を確認","UI_TEST_PLANの分野別契約とUSER_GUIDEの操作結果を満たす","NotRun","",""
"FolderModeWindow-017","FolderModeWindow","ComboBox","","SelectedValue={Binding FilterMinRating}","","src/PhotoFastRater.UI/Views/FolderModeWindow.xaml","すべての選択肢を選び、状態と結果を確認","UI_TEST_PLANの分野別契約とUSER_GUIDEの操作結果を満たす","NotRun","",""
"FolderModeWindow-018","FolderModeWindow","ComboBox","","SelectedValue={Binding FilterFileType}","","src/PhotoFastRater.UI/Views/FolderModeWindow.xaml","すべての選択肢を選び、状態と結果を確認","UI_TEST_PLANの分野別契約とUSER_GUIDEの操作結果を満たす","NotRun","",""
"FolderModeWindow-019","FolderModeWindow","CheckBox","未評価のみ","IsChecked={Binding FilterUnratedOnly}","","src/PhotoFastRater.UI/Views/FolderModeWindow.xaml","ON/OFFを往復し、対象と保存反映を確認","UI_TEST_PLANの分野別契約とUSER_GUIDEの操作結果を満たす","NotRun","",""
"FolderModeWindow-020","FolderModeWindow","DatePicker","","SelectedDate={Binding FilterDateFrom}","","src/PhotoFastRater.UI/Views/FolderModeWindow.xaml","未指定・開始/終了・逆転・境界日を確認","UI_TEST_PLANの分野別契約とUSER_GUIDEの操作結果を満たす","NotRun","",""
"FolderModeWindow-021","FolderModeWindow","DatePicker","","SelectedDate={Binding FilterDateTo}","","src/PhotoFastRater.UI/Views/FolderModeWindow.xaml","未指定・開始/終了・逆転・境界日を確認","UI_TEST_PLANの分野別契約とUSER_GUIDEの操作結果を満たす","NotRun","",""
"FolderModeWindow-022","FolderModeWindow","Button","リセット","Command={Binding ResetFilterCommand}","","src/PhotoFastRater.UI/Views/FolderModeWindow.xaml","入口から実行し、正常・前提不足・取消・再実行を確認","UI_TEST_PLANの分野別契約とUSER_GUIDEの操作結果を満たす","NotRun","",""
"FolderModeWindow-023","FolderModeWindow","GridSplitter","","","","src/PhotoFastRater.UI/Views/FolderModeWindow.xaml","入口から実行し、正常・前提不足・取消・再実行を確認","UI_TEST_PLANの分野別契約とUSER_GUIDEの操作結果を満たす","NotRun","",""
"FolderModeWindow-024","FolderModeWindow","MenuItem","この写真を再読み込み","Command={Binding PlacementTarget.Tag.ReloadPhotoCommand,                                                                 RelativeSource={RelativeSource AncestorType=ContextMenu}}; CommandParameter={Binding PlacementTarget.DataContext,                                                                 RelativeSource={RelativeSource AncestorType=ContextMenu}}","","src/PhotoFastRater.UI/Views/FolderModeWindow.xaml","入口から実行し、正常・前提不足・取消・再実行を確認","UI_TEST_PLANの分野別契約とUSER_GUIDEの操作結果を満たす","NotRun","",""
"FolderModeWindow-025","FolderModeWindow","MenuItem","エクスプローラーで開く","Command={Binding PlacementTarget.Tag.OpenPhotoFolderCommand,                                                                 RelativeSource={RelativeSource AncestorType=ContextMenu}}; CommandParameter={Binding PlacementTarget.DataContext,                                                                 RelativeSource={RelativeSource AncestorType=ContextMenu}}","","src/PhotoFastRater.UI/Views/FolderModeWindow.xaml","入口から実行し、正常・前提不足・取消・再実行を確認","UI_TEST_PLANの分野別契約とUSER_GUIDEの操作結果を満たす","NotRun","",""
"FolderModeWindow-026","FolderModeWindow","MenuItem","開く（ダブルクリックと同じ）","Command={Binding PlacementTarget.Tag.OpenPhotoCommand,                                                                 RelativeSource={RelativeSource AncestorType=ContextMenu}}; CommandParameter={Binding PlacementTarget.DataContext,                                                                 RelativeSource={RelativeSource AncestorType=ContextMenu}}","","src/PhotoFastRater.UI/Views/FolderModeWindow.xaml","入口から実行し、正常・前提不足・取消・再実行を確認","UI_TEST_PLANの分野別契約とUSER_GUIDEの操作結果を満たす","NotRun","",""
"FolderModeWindow-027","FolderModeWindow","MenuItem","ファイル名をコピー","Command={Binding PlacementTarget.Tag.CopyFileNameCommand,                                                                 RelativeSource={RelativeSource AncestorType=ContextMenu}}; CommandParameter={Binding PlacementTarget.DataContext,                                                                 RelativeSource={RelativeSource AncestorType=ContextMenu}}","","src/PhotoFastRater.UI/Views/FolderModeWindow.xaml","入口から実行し、正常・前提不足・取消・再実行を確認","UI_TEST_PLANの分野別契約とUSER_GUIDEの操作結果を満たす","NotRun","",""
"FolderModeWindow-028","FolderModeWindow","MenuItem","パスをコピー","Command={Binding PlacementTarget.Tag.CopyFilePathCommand,                                                                 RelativeSource={RelativeSource AncestorType=ContextMenu}}; CommandParameter={Binding PlacementTarget.DataContext,                                                                 RelativeSource={RelativeSource AncestorType=ContextMenu}}","","src/PhotoFastRater.UI/Views/FolderModeWindow.xaml","入口から実行し、正常・前提不足・取消・再実行を確認","UI_TEST_PLANの分野別契約とUSER_GUIDEの操作結果を満たす","NotRun","",""
"FolderModeWindow-029","FolderModeWindow","MouseAction=LeftClick; Command={Binding DataContext.SelectPhotoCommand, RelativeSource={RelativeSource AncestorType=Window}}; CommandParameter={Binding}","","Command={Binding DataContext.SelectPhotoCommand, RelativeSource={RelativeSource AncestorType=Window}}; CommandParameter={Binding}","MouseAction=LeftClick","src/PhotoFastRater.UI/Views/FolderModeWindow.xaml","入口から実行し、正常・前提不足・取消・再実行を確認","UI_TEST_PLANの分野別契約とUSER_GUIDEの操作結果を満たす","NotRun","",""
"FolderModeWindow-030","FolderModeWindow","MouseAction=LeftDoubleClick; Command={Binding DataContext.OpenPhotoCommand, RelativeSource={RelativeSource AncestorType=Window}}; CommandParameter={Binding}","","Command={Binding DataContext.OpenPhotoCommand, RelativeSource={RelativeSource AncestorType=Window}}; CommandParameter={Binding}","MouseAction=LeftDoubleClick","src/PhotoFastRater.UI/Views/FolderModeWindow.xaml","入口から実行し、正常・前提不足・取消・再実行を確認","UI_TEST_PLANの分野別契約とUSER_GUIDEの操作結果を満たす","NotRun","",""
"FolderModeWindow-031","FolderModeWindow","MenuItem","ファイル名をコピー","","Click=CopyFileName_Click","src/PhotoFastRater.UI/Views/FolderModeWindow.xaml","入口から実行し、正常・前提不足・取消・再実行を確認","UI_TEST_PLANの分野別契約とUSER_GUIDEの操作結果を満たす","NotRun","",""
"FolderModeWindow-032","FolderModeWindow","MenuItem","パスをコピー","","Click=CopyFilePath_Click","src/PhotoFastRater.UI/Views/FolderModeWindow.xaml","入口から実行し、正常・前提不足・取消・再実行を確認","UI_TEST_PLANの分野別契約とUSER_GUIDEの操作結果を満たす","NotRun","",""
"FolderModeWindow-033","FolderModeWindow","MenuItem","ファイル名をコピー","","Click=CopyFileName_Click","src/PhotoFastRater.UI/Views/FolderModeWindow.xaml","入口から実行し、正常・前提不足・取消・再実行を確認","UI_TEST_PLANの分野別契約とUSER_GUIDEの操作結果を満たす","NotRun","",""
"FolderModeWindow-034","FolderModeWindow","MenuItem","パスをコピー","","Click=CopyFilePath_Click","src/PhotoFastRater.UI/Views/FolderModeWindow.xaml","入口から実行し、正常・前提不足・取消・再実行を確認","UI_TEST_PLANの分野別契約とUSER_GUIDEの操作結果を満たす","NotRun","",""
"FolderModeWindow-035","FolderModeWindow","TreeView","","ItemsSource={Binding PhotoTree}","","src/PhotoFastRater.UI/Views/FolderModeWindow.xaml","展開・折り畳み・選択・キーボード移動を確認","UI_TEST_PLANの分野別契約とUSER_GUIDEの操作結果を満たす","NotRun","",""
"FolderModeWindow-036","FolderModeWindow","MouseAction=LeftDoubleClick; Command={Binding DataContext.OpenTreePhotoCommand, RelativeSource={RelativeSource AncestorType=Window}}; CommandParameter={Binding}","","Command={Binding DataContext.OpenTreePhotoCommand, RelativeSource={RelativeSource AncestorType=Window}}; CommandParameter={Binding}","MouseAction=LeftDoubleClick","src/PhotoFastRater.UI/Views/FolderModeWindow.xaml","入口から実行し、正常・前提不足・取消・再実行を確認","UI_TEST_PLANの分野別契約とUSER_GUIDEの操作結果を満たす","NotRun","",""
"FolderModeWindow-037","FolderModeWindow","Button","エクスプローラーで開く","Command={Binding OpenPhotoFolderCommand}","","src/PhotoFastRater.UI/Views/FolderModeWindow.xaml","入口から実行し、正常・前提不足・取消・再実行を確認","UI_TEST_PLANの分野別契約とUSER_GUIDEの操作結果を満たす","NotRun","",""
"FolderModeWindow-038","FolderModeWindow","Button","×","Command={Binding SetRatingCommand}","","src/PhotoFastRater.UI/Views/FolderModeWindow.xaml","入口から実行し、正常・前提不足・取消・再実行を確認","UI_TEST_PLANの分野別契約とUSER_GUIDEの操作結果を満たす","NotRun","",""
"FolderModeWindow-039","FolderModeWindow","Button","★1","Command={Binding SetRatingCommand}","","src/PhotoFastRater.UI/Views/FolderModeWindow.xaml","入口から実行し、正常・前提不足・取消・再実行を確認","UI_TEST_PLANの分野別契約とUSER_GUIDEの操作結果を満たす","NotRun","",""
"FolderModeWindow-040","FolderModeWindow","Button","★2","Command={Binding SetRatingCommand}","","src/PhotoFastRater.UI/Views/FolderModeWindow.xaml","入口から実行し、正常・前提不足・取消・再実行を確認","UI_TEST_PLANの分野別契約とUSER_GUIDEの操作結果を満たす","NotRun","",""
"FolderModeWindow-041","FolderModeWindow","Button","★3","Command={Binding SetRatingCommand}","","src/PhotoFastRater.UI/Views/FolderModeWindow.xaml","入口から実行し、正常・前提不足・取消・再実行を確認","UI_TEST_PLANの分野別契約とUSER_GUIDEの操作結果を満たす","NotRun","",""
"FolderModeWindow-042","FolderModeWindow","Button","★4","Command={Binding SetRatingCommand}","","src/PhotoFastRater.UI/Views/FolderModeWindow.xaml","入口から実行し、正常・前提不足・取消・再実行を確認","UI_TEST_PLANの分野別契約とUSER_GUIDEの操作結果を満たす","NotRun","",""
"FolderModeWindow-043","FolderModeWindow","Button","★5","Command={Binding SetRatingCommand}","","src/PhotoFastRater.UI/Views/FolderModeWindow.xaml","入口から実行し、正常・前提不足・取消・再実行を確認","UI_TEST_PLANの分野別契約とUSER_GUIDEの操作結果を満たす","NotRun","",""
"FolderModeWindow-044","FolderModeWindow","Button","お気に入り","Command={Binding ToggleFavoriteCommand}","","src/PhotoFastRater.UI/Views/FolderModeWindow.xaml","入口から実行し、正常・前提不足・取消・再実行を確認","UI_TEST_PLANの分野別契約とUSER_GUIDEの操作結果を満たす","NotRun","",""
"FolderModeWindow-045","FolderModeWindow","Button","リジェクト","Command={Binding ToggleRejectCommand}","","src/PhotoFastRater.UI/Views/FolderModeWindow.xaml","入口から実行し、正常・前提不足・取消・再実行を確認","UI_TEST_PLANの分野別契約とUSER_GUIDEの操作結果を満たす","NotRun","",""
"FolderModeWindow-046","FolderModeWindow","Button","JPEGへ評価を書き込む","Command={Binding WriteRatingToJpegCommand}","","src/PhotoFastRater.UI/Views/FolderModeWindow.xaml","入口から実行し、正常・前提不足・取消・再実行を確認","UI_TEST_PLANの分野別契約とUSER_GUIDEの操作結果を満たす","NotRun","",""
"FolderModeWindow-047","FolderModeWindow","Button","ペアファイルを表示","Command={Binding ShowPairedFileCommand}; Visibility={Binding SelectedPhoto.HasPair, Converter={StaticResource BooleanToVisibilityConverter}}","","src/PhotoFastRater.UI/Views/FolderModeWindow.xaml","入口から実行し、正常・前提不足・取消・再実行を確認","UI_TEST_PLANの分野別契約とUSER_GUIDEの操作結果を満たす","NotRun","",""
"KeyboardShortcutsWindow-001","KeyboardShortcutsWindow","Window","","","KeyDown=Window_KeyDown","src/PhotoFastRater.UI/Views/KeyboardShortcutsWindow.xaml","入口から実行し、正常・前提不足・取消・再実行を確認","UI_TEST_PLANの分野別契約とUSER_GUIDEの操作結果を満たす","NotRun","",""
"KeyboardShortcutsWindow-002","KeyboardShortcutsWindow","DataGrid","","ItemsSource={Binding Shortcuts}","","src/PhotoFastRater.UI/Views/KeyboardShortcutsWindow.xaml","選択・編集可能項目・行切替・入力取消を確認","UI_TEST_PLANの分野別契約とUSER_GUIDEの操作結果を満たす","NotRun","",""
"KeyboardShortcutsWindow-003","KeyboardShortcutsWindow","Button","変更","Command={Binding DataContext.StartCaptureCommand, RelativeSource={RelativeSource AncestorType=DataGrid}}; CommandParameter={Binding}","","src/PhotoFastRater.UI/Views/KeyboardShortcutsWindow.xaml","入口から実行し、正常・前提不足・取消・再実行を確認","UI_TEST_PLANの分野別契約とUSER_GUIDEの操作結果を満たす","NotRun","",""
"KeyboardShortcutsWindow-004","KeyboardShortcutsWindow","Button","デフォルトに戻す","Command={Binding ResetToDefaultCommand}","","src/PhotoFastRater.UI/Views/KeyboardShortcutsWindow.xaml","入口から実行し、正常・前提不足・取消・再実行を確認","UI_TEST_PLANの分野別契約とUSER_GUIDEの操作結果を満たす","NotRun","",""
"KeyboardShortcutsWindow-005","KeyboardShortcutsWindow","Button","キャンセル","","Click=Cancel_Click","src/PhotoFastRater.UI/Views/KeyboardShortcutsWindow.xaml","入口から実行し、正常・前提不足・取消・再実行を確認","UI_TEST_PLANの分野別契約とUSER_GUIDEの操作結果を満たす","NotRun","",""
"KeyboardShortcutsWindow-006","KeyboardShortcutsWindow","Button","保存して閉じる","","Click=Save_Click","src/PhotoFastRater.UI/Views/KeyboardShortcutsWindow.xaml","入口から実行し、正常・前提不足・取消・再実行を確認","UI_TEST_PLANの分野別契約とUSER_GUIDEの操作結果を満たす","NotRun","",""
"MainWindow-001","MainWindow","Key=Up; Command={Binding PhotoGrid.NavigateUpCommand}","","Command={Binding PhotoGrid.NavigateUpCommand}","","src/PhotoFastRater.UI/Views/MainWindow.xaml","入口から実行し、正常・前提不足・取消・再実行を確認","UI_TEST_PLANの分野別契約とUSER_GUIDEの操作結果を満たす","NotRun","",""
"MainWindow-002","MainWindow","Key=Down; Command={Binding PhotoGrid.NavigateDownCommand}","","Command={Binding PhotoGrid.NavigateDownCommand}","","src/PhotoFastRater.UI/Views/MainWindow.xaml","入口から実行し、正常・前提不足・取消・再実行を確認","UI_TEST_PLANの分野別契約とUSER_GUIDEの操作結果を満たす","NotRun","",""
"MainWindow-003","MainWindow","Key=Left; Command={Binding PhotoGrid.NavigateLeftCommand}","","Command={Binding PhotoGrid.NavigateLeftCommand}","","src/PhotoFastRater.UI/Views/MainWindow.xaml","入口から実行し、正常・前提不足・取消・再実行を確認","UI_TEST_PLANの分野別契約とUSER_GUIDEの操作結果を満たす","NotRun","",""
"MainWindow-004","MainWindow","Key=Right; Command={Binding PhotoGrid.NavigateRightCommand}","","Command={Binding PhotoGrid.NavigateRightCommand}","","src/PhotoFastRater.UI/Views/MainWindow.xaml","入口から実行し、正常・前提不足・取消・再実行を確認","UI_TEST_PLANの分野別契約とUSER_GUIDEの操作結果を満たす","NotRun","",""
"MainWindow-005","MainWindow","Key=Enter; Command={Binding PhotoGrid.OpenPhotoCommand}; CommandParameter={Binding PhotoGrid.SelectedPhoto}","","Command={Binding PhotoGrid.OpenPhotoCommand}; CommandParameter={Binding PhotoGrid.SelectedPhoto}","","src/PhotoFastRater.UI/Views/MainWindow.xaml","入口から実行し、正常・前提不足・取消・再実行を確認","UI_TEST_PLANの分野別契約とUSER_GUIDEの操作結果を満たす","NotRun","",""
"MainWindow-006","MainWindow","Button","インポート","Command={Binding ImportFolderCommand}","","src/PhotoFastRater.UI/Views/MainWindow.xaml","入口から実行し、正常・前提不足・取消・再実行を確認","UI_TEST_PLANの分野別契約とUSER_GUIDEの操作結果を満たす","NotRun","",""
"MainWindow-007","MainWindow","Button","キャンセル","Command={Binding CancelImportCommand}; IsEnabled={Binding IsImporting}","","src/PhotoFastRater.UI/Views/MainWindow.xaml","入口から実行し、正常・前提不足・取消・再実行を確認","UI_TEST_PLANの分野別契約とUSER_GUIDEの操作結果を満たす","NotRun","",""
"MainWindow-008","MainWindow","Button","読み込み","Command={Binding LoadPhotosCommand}","","src/PhotoFastRater.UI/Views/MainWindow.xaml","入口から実行し、正常・前提不足・取消・再実行を確認","UI_TEST_PLANの分野別契約とUSER_GUIDEの操作結果を満たす","NotRun","",""
"MainWindow-009","MainWindow","Button","フォルダモードを開く","","Click=OpenFolderMode_Click","src/PhotoFastRater.UI/Views/MainWindow.xaml","入口から実行し、正常・前提不足・取消・再実行を確認","UI_TEST_PLANの分野別契約とUSER_GUIDEの操作結果を満たす","NotRun","",""
"MainWindow-010","MainWindow","Button","2枚比較","","Click=OpenCompare_Click","src/PhotoFastRater.UI/Views/MainWindow.xaml","入口から実行し、正常・前提不足・取消・再実行を確認","UI_TEST_PLANの分野別契約とUSER_GUIDEの操作結果を満たす","NotRun","",""
"MainWindow-011","MainWindow","Button","3枚","","Click=OpenCompare_Click","src/PhotoFastRater.UI/Views/MainWindow.xaml","入口から実行し、正常・前提不足・取消・再実行を確認","UI_TEST_PLANの分野別契約とUSER_GUIDEの操作結果を満たす","NotRun","",""
"MainWindow-012","MainWindow","Button","4枚","","Click=OpenCompare_Click","src/PhotoFastRater.UI/Views/MainWindow.xaml","入口から実行し、正常・前提不足・取消・再実行を確認","UI_TEST_PLANの分野別契約とUSER_GUIDEの操作結果を満たす","NotRun","",""
"MainWindow-013","MainWindow","ToggleButton","グリッド/ツリー表示を切り替え","IsChecked={Binding PhotoGrid.IsTreeViewMode}","","src/PhotoFastRater.UI/Views/MainWindow.xaml","ON/OFFを往復し、対象と表示を確認","UI_TEST_PLANの分野別契約とUSER_GUIDEの操作結果を満たす","NotRun","",""
"MainWindow-014","MainWindow","TextBox","ファイル名・パス・タグを検索（入力後200msで実行）","Text={Binding SearchText, UpdateSourceTrigger=PropertyChanged}","","src/PhotoFastRater.UI/Views/MainWindow.xaml","空・正常・境界・不正入力、入力中のキー誤発動を確認","UI_TEST_PLANの分野別契約とUSER_GUIDEの操作結果を満たす","NotRun","",""
"MainWindow-015","MainWindow","ToggleButton","欠損のみ","IsChecked={Binding PhotoGrid.MissingOnly, Mode=OneWay}; Command={Binding PhotoGrid.ToggleMissingOnlyCommand}","","src/PhotoFastRater.UI/Views/MainWindow.xaml","ON/OFFを往復し、対象と表示を確認","UI_TEST_PLANの分野別契約とUSER_GUIDEの操作結果を満たす","NotRun","",""
"MainWindow-016","MainWindow","Button","タグを付ける","Command={Binding AddTagToBatchCommand}","","src/PhotoFastRater.UI/Views/MainWindow.xaml","入口から実行し、正常・前提不足・取消・再実行を確認","UI_TEST_PLANの分野別契約とUSER_GUIDEの操作結果を満たす","NotRun","",""
"MainWindow-017","MainWindow","Button","コレクションへ","Command={Binding AddBatchToCollectionCommand}","","src/PhotoFastRater.UI/Views/MainWindow.xaml","入口から実行し、正常・前提不足・取消・再実行を確認","UI_TEST_PLANの分野別契約とUSER_GUIDEの操作結果を満たす","NotRun","",""
"MainWindow-018","MainWindow","TabItem","写真一覧","","","src/PhotoFastRater.UI/Views/MainWindow.xaml","選択し、内容・フォーカス・縮小表示を確認","UI_TEST_PLANの分野別契約とUSER_GUIDEの操作結果を満たす","NotRun","",""
"MainWindow-019","MainWindow","ScrollViewer","","Visibility={Binding PhotoGrid.IsTreeViewMode, Converter={StaticResource InverseBooleanToVisibilityConverter}}","ScrollChanged=PhotoGridScrollViewer_ScrollChanged","src/PhotoFastRater.UI/Views/MainWindow.xaml","入口から実行し、正常・前提不足・取消・再実行を確認","UI_TEST_PLANの分野別契約とUSER_GUIDEの操作結果を満たす","NotRun","",""
"MainWindow-020","MainWindow","MouseAction=LeftClick; Command={Binding DataContext.PhotoGrid.SelectPhotoCommand, RelativeSource={RelativeSource AncestorType=Window}}; CommandParameter={Binding}","","Command={Binding DataContext.PhotoGrid.SelectPhotoCommand, RelativeSource={RelativeSource AncestorType=Window}}; CommandParameter={Binding}","MouseAction=LeftClick","src/PhotoFastRater.UI/Views/MainWindow.xaml","入口から実行し、正常・前提不足・取消・再実行を確認","UI_TEST_PLANの分野別契約とUSER_GUIDEの操作結果を満たす","NotRun","",""
"MainWindow-021","MainWindow","MouseAction=LeftDoubleClick; Command={Binding DataContext.PhotoGrid.OpenPhotoCommand, RelativeSource={RelativeSource AncestorType=Window}}; CommandParameter={Binding}","","Command={Binding DataContext.PhotoGrid.OpenPhotoCommand, RelativeSource={RelativeSource AncestorType=Window}}; CommandParameter={Binding}","MouseAction=LeftDoubleClick","src/PhotoFastRater.UI/Views/MainWindow.xaml","入口から実行し、正常・前提不足・取消・再実行を確認","UI_TEST_PLANの分野別契約とUSER_GUIDEの操作結果を満たす","NotRun","",""
"MainWindow-022","MainWindow","MenuItem","レーティング","DataContext={Binding PlacementTarget.Tag, RelativeSource={RelativeSource AncestorType=ContextMenu}}","","src/PhotoFastRater.UI/Views/MainWindow.xaml","入口から実行し、正常・前提不足・取消・再実行を確認","UI_TEST_PLANの分野別契約とUSER_GUIDEの操作結果を満たす","NotRun","",""
"MainWindow-023","MainWindow","MenuItem","★ 0","","Click=RatingMenuItem_Click","src/PhotoFastRater.UI/Views/MainWindow.xaml","入口から実行し、正常・前提不足・取消・再実行を確認","UI_TEST_PLANの分野別契約とUSER_GUIDEの操作結果を満たす","NotRun","",""
"MainWindow-024","MainWindow","MenuItem","★ 1","","Click=RatingMenuItem_Click","src/PhotoFastRater.UI/Views/MainWindow.xaml","入口から実行し、正常・前提不足・取消・再実行を確認","UI_TEST_PLANの分野別契約とUSER_GUIDEの操作結果を満たす","NotRun","",""
"MainWindow-025","MainWindow","MenuItem","★★ 2","","Click=RatingMenuItem_Click","src/PhotoFastRater.UI/Views/MainWindow.xaml","入口から実行し、正常・前提不足・取消・再実行を確認","UI_TEST_PLANの分野別契約とUSER_GUIDEの操作結果を満たす","NotRun","",""
"MainWindow-026","MainWindow","MenuItem","★★★ 3","","Click=RatingMenuItem_Click","src/PhotoFastRater.UI/Views/MainWindow.xaml","入口から実行し、正常・前提不足・取消・再実行を確認","UI_TEST_PLANの分野別契約とUSER_GUIDEの操作結果を満たす","NotRun","",""
"MainWindow-027","MainWindow","MenuItem","★★★★ 4","","Click=RatingMenuItem_Click","src/PhotoFastRater.UI/Views/MainWindow.xaml","入口から実行し、正常・前提不足・取消・再実行を確認","UI_TEST_PLANの分野別契約とUSER_GUIDEの操作結果を満たす","NotRun","",""
"MainWindow-028","MainWindow","MenuItem","★★★★★ 5","","Click=RatingMenuItem_Click","src/PhotoFastRater.UI/Views/MainWindow.xaml","入口から実行し、正常・前提不足・取消・再実行を確認","UI_TEST_PLANの分野別契約とUSER_GUIDEの操作結果を満たす","NotRun","",""
"MainWindow-029","MainWindow","MenuItem","お気に入り切り替え","","Click=ToggleFavorite_Click","src/PhotoFastRater.UI/Views/MainWindow.xaml","入口から実行し、正常・前提不足・取消・再実行を確認","UI_TEST_PLANの分野別契約とUSER_GUIDEの操作結果を満たす","NotRun","",""
"MainWindow-030","MainWindow","MenuItem","リジェクト切り替え","","Click=ToggleReject_Click","src/PhotoFastRater.UI/Views/MainWindow.xaml","入口から実行し、正常・前提不足・取消・再実行を確認","UI_TEST_PLANの分野別契約とUSER_GUIDEの操作結果を満たす","NotRun","",""
"MainWindow-031","MainWindow","MenuItem","SNSエクスポート","","Click=ExportToSocialMedia_Click","src/PhotoFastRater.UI/Views/MainWindow.xaml","入口から実行し、正常・前提不足・取消・再実行を確認","UI_TEST_PLANの分野別契約とUSER_GUIDEの操作結果を満たす","NotRun","",""
"MainWindow-032","MainWindow","MenuItem","DBから削除","","Click=DeleteFromDatabase_Click","src/PhotoFastRater.UI/Views/MainWindow.xaml","入口から実行し、正常・前提不足・取消・再実行を確認","UI_TEST_PLANの分野別契約とUSER_GUIDEの操作結果を満たす","NotRun","",""
"MainWindow-033","MainWindow","MenuItem","ファイルを削除","","Click=DeleteFile_Click","src/PhotoFastRater.UI/Views/MainWindow.xaml","入口から実行し、正常・前提不足・取消・再実行を確認","UI_TEST_PLANの分野別契約とUSER_GUIDEの操作結果を満たす","NotRun","",""
"MainWindow-034","MainWindow","CheckBox","一括操作の対象にする","IsChecked={Binding IsBatchSelected}","","src/PhotoFastRater.UI/Views/MainWindow.xaml","ON/OFFを往復し、対象と保存反映を確認","UI_TEST_PLANの分野別契約とUSER_GUIDEの操作結果を満たす","NotRun","",""
"MainWindow-035","MainWindow","TreeView","","ItemsSource={Binding PhotoGrid.PhotoTree}; Visibility={Binding PhotoGrid.IsTreeViewMode, Converter={StaticResource BooleanToVisibilityConverter}}","","src/PhotoFastRater.UI/Views/MainWindow.xaml","展開・折り畳み・選択・キーボード移動を確認","UI_TEST_PLANの分野別契約とUSER_GUIDEの操作結果を満たす","NotRun","",""
"MainWindow-036","MainWindow","MouseAction=LeftDoubleClick; Command={Binding DataContext.PhotoGrid.OpenPhotoCommand, RelativeSource={RelativeSource AncestorType=Window}}; CommandParameter={Binding}","","Command={Binding DataContext.PhotoGrid.OpenPhotoCommand, RelativeSource={RelativeSource AncestorType=Window}}; CommandParameter={Binding}","MouseAction=LeftDoubleClick","src/PhotoFastRater.UI/Views/MainWindow.xaml","入口から実行し、正常・前提不足・取消・再実行を確認","UI_TEST_PLANの分野別契約とUSER_GUIDEの操作結果を満たす","NotRun","",""
"MainWindow-037","MainWindow","TabItem","タグ／コレクション","","","src/PhotoFastRater.UI/Views/MainWindow.xaml","選択し、内容・フォーカス・縮小表示を確認","UI_TEST_PLANの分野別契約とUSER_GUIDEの操作結果を満たす","NotRun","",""
"MainWindow-038","MainWindow","TextBox","{Binding Organization.NewCollectionName, UpdateSourceTrigger=PropertyChanged}","Text={Binding Organization.NewCollectionName, UpdateSourceTrigger=PropertyChanged}","","src/PhotoFastRater.UI/Views/MainWindow.xaml","空・正常・境界・不正入力、入力中のキー誤発動を確認","UI_TEST_PLANの分野別契約とUSER_GUIDEの操作結果を満たす","NotRun","",""
"MainWindow-039","MainWindow","Button","ルート作成","Command={Binding Organization.CreateRootCollectionCommand}","","src/PhotoFastRater.UI/Views/MainWindow.xaml","入口から実行し、正常・前提不足・取消・再実行を確認","UI_TEST_PLANの分野別契約とUSER_GUIDEの操作結果を満たす","NotRun","",""
"MainWindow-040","MainWindow","Button","選択項目の下に作成","Command={Binding Organization.CreateChildCollectionCommand}","","src/PhotoFastRater.UI/Views/MainWindow.xaml","入口から実行し、正常・前提不足・取消・再実行を確認","UI_TEST_PLANの分野別契約とUSER_GUIDEの操作結果を満たす","NotRun","",""
"MainWindow-041","MainWindow","TreeView","","ItemsSource={Binding Organization.Collections}","SelectedItemChanged=CollectionTree_SelectedItemChanged","src/PhotoFastRater.UI/Views/MainWindow.xaml","展開・折り畳み・選択・キーボード移動を確認","UI_TEST_PLANの分野別契約とUSER_GUIDEの操作結果を満たす","NotRun","",""
"MainWindow-042","MainWindow","TabItem","イベント","","","src/PhotoFastRater.UI/Views/MainWindow.xaml","選択し、内容・フォーカス・縮小表示を確認","UI_TEST_PLANの分野別契約とUSER_GUIDEの操作結果を満たす","NotRun","",""
"MainWindow-043","MainWindow","TextBox","{Binding Events.NewEventName, UpdateSourceTrigger=PropertyChanged}","Text={Binding Events.NewEventName, UpdateSourceTrigger=PropertyChanged}","","src/PhotoFastRater.UI/Views/MainWindow.xaml","空・正常・境界・不正入力、入力中のキー誤発動を確認","UI_TEST_PLANの分野別契約とUSER_GUIDEの操作結果を満たす","NotRun","",""
"MainWindow-044","MainWindow","Button","イベント作成","Command={Binding CreateEventFromSelectionCommand}","","src/PhotoFastRater.UI/Views/MainWindow.xaml","入口から実行し、正常・前提不足・取消・再実行を確認","UI_TEST_PLANの分野別契約とUSER_GUIDEの操作結果を満たす","NotRun","",""
"MainWindow-045","MainWindow","Button","自動候補を確認","Command={Binding Events.AutoGroupPhotosCommand}","","src/PhotoFastRater.UI/Views/MainWindow.xaml","入口から実行し、正常・前提不足・取消・再実行を確認","UI_TEST_PLANの分野別契約とUSER_GUIDEの操作結果を満たす","NotRun","",""
"MainWindow-046","MainWindow","Button","候補を確定","Command={Binding Events.ConfirmAutoGroupsCommand}","","src/PhotoFastRater.UI/Views/MainWindow.xaml","入口から実行し、正常・前提不足・取消・再実行を確認","UI_TEST_PLANの分野別契約とUSER_GUIDEの操作結果を満たす","NotRun","",""
"MainWindow-047","MainWindow","TabItem","エクスポート","","","src/PhotoFastRater.UI/Views/MainWindow.xaml","選択し、内容・フォーカス・縮小表示を確認","UI_TEST_PLANの分野別契約とUSER_GUIDEの操作結果を満たす","NotRun","",""
"MainWindow-048","MainWindow","ComboBox","","SelectedValue={Binding Export.OutputFormat}","","src/PhotoFastRater.UI/Views/MainWindow.xaml","すべての選択肢を選び、状態と結果を確認","UI_TEST_PLANの分野別契約とUSER_GUIDEの操作結果を満たす","NotRun","",""
"MainWindow-049","MainWindow","TextBox","{Binding Export.FileNamePattern}","Text={Binding Export.FileNamePattern}","","src/PhotoFastRater.UI/Views/MainWindow.xaml","空・正常・境界・不正入力、入力中のキー誤発動を確認","UI_TEST_PLANの分野別契約とUSER_GUIDEの操作結果を満たす","NotRun","",""
"MainWindow-050","MainWindow","Slider","","Value={Binding Export.Quality}","","src/PhotoFastRater.UI/Views/MainWindow.xaml","最小・既定・最大を設定し、値と効果を確認","UI_TEST_PLANの分野別契約とUSER_GUIDEの操作結果を満たす","NotRun","",""
"MainWindow-051","MainWindow","CheckBox","元画像のメタデータを出力へ保持","IsChecked={Binding Export.PreserveMetadata}","","src/PhotoFastRater.UI/Views/MainWindow.xaml","ON/OFFを往復し、対象と保存反映を確認","UI_TEST_PLANの分野別契約とUSER_GUIDEの操作結果を満たす","NotRun","",""
"MainWindow-052","MainWindow","ComboBox","","SelectedValue={Binding Export.RotationDegrees}","","src/PhotoFastRater.UI/Views/MainWindow.xaml","すべての選択肢を選び、状態と結果を確認","UI_TEST_PLANの分野別契約とUSER_GUIDEの操作結果を満たす","NotRun","",""
"MainWindow-053","MainWindow","TextBox","{Binding Export.MaximumWidth}","Text={Binding Export.MaximumWidth}","","src/PhotoFastRater.UI/Views/MainWindow.xaml","空・正常・境界・不正入力、入力中のキー誤発動を確認","UI_TEST_PLANの分野別契約とUSER_GUIDEの操作結果を満たす","NotRun","",""
"MainWindow-054","MainWindow","TextBox","{Binding Export.MaximumHeight}","Text={Binding Export.MaximumHeight}","","src/PhotoFastRater.UI/Views/MainWindow.xaml","空・正常・境界・不正入力、入力中のキー誤発動を確認","UI_TEST_PLANの分野別契約とUSER_GUIDEの操作結果を満たす","NotRun","",""
"MainWindow-055","MainWindow","CheckBox","非破壊クロップを有効化","IsChecked={Binding Export.CropEnabled}","","src/PhotoFastRater.UI/Views/MainWindow.xaml","ON/OFFを往復し、対象と保存反映を確認","UI_TEST_PLANの分野別契約とUSER_GUIDEの操作結果を満たす","NotRun","",""
"MainWindow-056","MainWindow","Button","1:1","Command={Binding Export.ApplyCropPresetCommand}","","src/PhotoFastRater.UI/Views/MainWindow.xaml","入口から実行し、正常・前提不足・取消・再実行を確認","UI_TEST_PLANの分野別契約とUSER_GUIDEの操作結果を満たす","NotRun","",""
"MainWindow-057","MainWindow","Button","4:3","Command={Binding Export.ApplyCropPresetCommand}","","src/PhotoFastRater.UI/Views/MainWindow.xaml","入口から実行し、正常・前提不足・取消・再実行を確認","UI_TEST_PLANの分野別契約とUSER_GUIDEの操作結果を満たす","NotRun","",""
"MainWindow-058","MainWindow","Button","3:2","Command={Binding Export.ApplyCropPresetCommand}","","src/PhotoFastRater.UI/Views/MainWindow.xaml","入口から実行し、正常・前提不足・取消・再実行を確認","UI_TEST_PLANの分野別契約とUSER_GUIDEの操作結果を満たす","NotRun","",""
"MainWindow-059","MainWindow","Button","16:9","Command={Binding Export.ApplyCropPresetCommand}","","src/PhotoFastRater.UI/Views/MainWindow.xaml","入口から実行し、正常・前提不足・取消・再実行を確認","UI_TEST_PLANの分野別契約とUSER_GUIDEの操作結果を満たす","NotRun","",""
"MainWindow-060","MainWindow","TextBox","{Binding Export.CropX}","Text={Binding Export.CropX}","","src/PhotoFastRater.UI/Views/MainWindow.xaml","空・正常・境界・不正入力、入力中のキー誤発動を確認","UI_TEST_PLANの分野別契約とUSER_GUIDEの操作結果を満たす","NotRun","",""
"MainWindow-061","MainWindow","TextBox","{Binding Export.CropY}","Text={Binding Export.CropY}","","src/PhotoFastRater.UI/Views/MainWindow.xaml","空・正常・境界・不正入力、入力中のキー誤発動を確認","UI_TEST_PLANの分野別契約とUSER_GUIDEの操作結果を満たす","NotRun","",""
"MainWindow-062","MainWindow","TextBox","{Binding Export.CropWidth}","Text={Binding Export.CropWidth}","","src/PhotoFastRater.UI/Views/MainWindow.xaml","空・正常・境界・不正入力、入力中のキー誤発動を確認","UI_TEST_PLANの分野別契約とUSER_GUIDEの操作結果を満たす","NotRun","",""
"MainWindow-063","MainWindow","TextBox","{Binding Export.CropHeight}","Text={Binding Export.CropHeight}","","src/PhotoFastRater.UI/Views/MainWindow.xaml","空・正常・境界・不正入力、入力中のキー誤発動を確認","UI_TEST_PLANの分野別契約とUSER_GUIDEの操作結果を満たす","NotRun","",""
"MainWindow-064","MainWindow","CheckBox","枠を追加","IsChecked={Binding Export.EnableFrame}","","src/PhotoFastRater.UI/Views/MainWindow.xaml","ON/OFFを往復し、対象と保存反映を確認","UI_TEST_PLANの分野別契約とUSER_GUIDEの操作結果を満たす","NotRun","",""
"MainWindow-065","MainWindow","Slider","","Value={Binding Export.FrameWidth}; IsEnabled={Binding Export.EnableFrame}","","src/PhotoFastRater.UI/Views/MainWindow.xaml","最小・既定・最大を設定し、値と効果を確認","UI_TEST_PLANの分野別契約とUSER_GUIDEの操作結果を満たす","NotRun","",""
"MainWindow-066","MainWindow","CheckBox","EXIF情報を表示","IsChecked={Binding Export.EnableExifOverlay}","","src/PhotoFastRater.UI/Views/MainWindow.xaml","ON/OFFを往復し、対象と保存反映を確認","UI_TEST_PLANの分野別契約とUSER_GUIDEの操作結果を満たす","NotRun","",""
"MainWindow-067","MainWindow","Button","チェック写真を書き出す","Command={Binding ExportBatchSelectionCommand}","","src/PhotoFastRater.UI/Views/MainWindow.xaml","入口から実行し、正常・前提不足・取消・再実行を確認","UI_TEST_PLANの分野別契約とUSER_GUIDEの操作結果を満たす","NotRun","",""
"MainWindow-068","MainWindow","Button","キャンセル","Command={Binding Export.CancelBatchCommand}","","src/PhotoFastRater.UI/Views/MainWindow.xaml","入口から実行し、正常・前提不足・取消・再実行を確認","UI_TEST_PLANの分野別契約とUSER_GUIDEの操作結果を満たす","NotRun","",""
"MainWindow-069","MainWindow","Button","失敗だけ再試行","Command={Binding RetryFailedExportsCommand}","","src/PhotoFastRater.UI/Views/MainWindow.xaml","入口から実行し、正常・前提不足・取消・再実行を確認","UI_TEST_PLANの分野別契約とUSER_GUIDEの操作結果を満たす","NotRun","",""
"MainWindow-070","MainWindow","TabItem","設定","","","src/PhotoFastRater.UI/Views/MainWindow.xaml","選択し、内容・フォーカス・縮小表示を確認","UI_TEST_PLANの分野別契約とUSER_GUIDEの操作結果を満たす","NotRun","",""
"MainWindow-071","MainWindow","TabItem","キャッシュ","","","src/PhotoFastRater.UI/Views/MainWindow.xaml","選択し、内容・フォーカス・縮小表示を確認","UI_TEST_PLANの分野別契約とUSER_GUIDEの操作結果を満たす","NotRun","",""
"MainWindow-072","MainWindow","TextBox","{Binding Settings.CachePath}","Text={Binding Settings.CachePath}","","src/PhotoFastRater.UI/Views/MainWindow.xaml","空・正常・境界・不正入力、入力中のキー誤発動を確認","UI_TEST_PLANの分野別契約とUSER_GUIDEの操作結果を満たす","NotRun","",""
"MainWindow-073","MainWindow","Button","参照","Command={Binding Settings.SelectCachePathCommand}","","src/PhotoFastRater.UI/Views/MainWindow.xaml","入口から実行し、正常・前提不足・取消・再実行を確認","UI_TEST_PLANの分野別契約とUSER_GUIDEの操作結果を満たす","NotRun","",""
"MainWindow-074","MainWindow","Slider","","Value={Binding Settings.MaxMemoryCacheSizeMB}","","src/PhotoFastRater.UI/Views/MainWindow.xaml","最小・既定・最大を設定し、値と効果を確認","UI_TEST_PLANの分野別契約とUSER_GUIDEの操作結果を満たす","NotRun","",""
"MainWindow-075","MainWindow","Slider","","Value={Binding Settings.ThumbnailSize}","","src/PhotoFastRater.UI/Views/MainWindow.xaml","最小・既定・最大を設定し、値と効果を確認","UI_TEST_PLANの分野別契約とUSER_GUIDEの操作結果を満たす","NotRun","",""
"MainWindow-076","MainWindow","CheckBox","RAWファイル対応を有効にする","IsChecked={Binding Settings.EnableRAWSupport}","","src/PhotoFastRater.UI/Views/MainWindow.xaml","ON/OFFを往復し、対象と保存反映を確認","UI_TEST_PLANの分野別契約とUSER_GUIDEの操作結果を満たす","NotRun","",""
"MainWindow-077","MainWindow","Button","設定を保存","Command={Binding Settings.SaveSettingsCommand}","","src/PhotoFastRater.UI/Views/MainWindow.xaml","入口から実行し、正常・前提不足・取消・再実行を確認","UI_TEST_PLANの分野別契約とUSER_GUIDEの操作結果を満たす","NotRun","",""
"MainWindow-078","MainWindow","Button","キャッシュをクリア","Command={Binding Settings.ClearCacheCommand}","","src/PhotoFastRater.UI/Views/MainWindow.xaml","入口から実行し、正常・前提不足・取消・再実行を確認","UI_TEST_PLANの分野別契約とUSER_GUIDEの操作結果を満たす","NotRun","",""
"MainWindow-079","MainWindow","TabItem","管理フォルダ","","","src/PhotoFastRater.UI/Views/MainWindow.xaml","選択し、内容・フォーカス・縮小表示を確認","UI_TEST_PLANの分野別契約とUSER_GUIDEの操作結果を満たす","NotRun","",""
"MainWindow-080","MainWindow","Button","フォルダ追加","Command={Binding Settings.ManagedFolders.AddFolderCommand}","","src/PhotoFastRater.UI/Views/MainWindow.xaml","入口から実行し、正常・前提不足・取消・再実行を確認","UI_TEST_PLANの分野別契約とUSER_GUIDEの操作結果を満たす","NotRun","",""
"MainWindow-081","MainWindow","Button","削除","Command={Binding Settings.ManagedFolders.RemoveFolderCommand}","","src/PhotoFastRater.UI/Views/MainWindow.xaml","入口から実行し、正常・前提不足・取消・再実行を確認","UI_TEST_PLANの分野別契約とUSER_GUIDEの操作結果を満たす","NotRun","",""
"MainWindow-082","MainWindow","Button","スキャン","Command={Binding Settings.ManagedFolders.ScanFolderCommand}","","src/PhotoFastRater.UI/Views/MainWindow.xaml","入口から実行し、正常・前提不足・取消・再実行を確認","UI_TEST_PLANの分野別契約とUSER_GUIDEの操作結果を満たす","NotRun","",""
"MainWindow-083","MainWindow","Button","一括スキャン","Command={Binding Settings.ManagedFolders.ScanAllFoldersCommand}","","src/PhotoFastRater.UI/Views/MainWindow.xaml","入口から実行し、正常・前提不足・取消・再実行を確認","UI_TEST_PLANの分野別契約とUSER_GUIDEの操作結果を満たす","NotRun","",""
"MainWindow-084","MainWindow","DataGrid","","ItemsSource={Binding Settings.ManagedFolders.Folders}; SelectedItem={Binding Settings.ManagedFolders.SelectedFolder}","","src/PhotoFastRater.UI/Views/MainWindow.xaml","選択・編集可能項目・行切替・入力取消を確認","UI_TEST_PLANの分野別契約とUSER_GUIDEの操作結果を満たす","NotRun","",""
"MainWindow-085","MainWindow","Button","パターン追加","Command={Binding Settings.ManagedFolders.AddPatternCommand}","","src/PhotoFastRater.UI/Views/MainWindow.xaml","入口から実行し、正常・前提不足・取消・再実行を確認","UI_TEST_PLANの分野別契約とUSER_GUIDEの操作結果を満たす","NotRun","",""
"MainWindow-086","MainWindow","Button","削除","Command={Binding Settings.ManagedFolders.RemovePatternCommand}","","src/PhotoFastRater.UI/Views/MainWindow.xaml","入口から実行し、正常・前提不足・取消・再実行を確認","UI_TEST_PLANの分野別契約とUSER_GUIDEの操作結果を満たす","NotRun","",""
"MainWindow-087","MainWindow","DataGrid","","ItemsSource={Binding Settings.ManagedFolders.ExclusionPatterns}; SelectedItem={Binding Settings.ManagedFolders.SelectedPattern}","","src/PhotoFastRater.UI/Views/MainWindow.xaml","選択・編集可能項目・行切替・入力取消を確認","UI_TEST_PLANの分野別契約とUSER_GUIDEの操作結果を満たす","NotRun","",""
"PhotoPreviewWindow-001","PhotoPreviewWindow","ToggleButton","EXIF","","","src/PhotoFastRater.UI/Views/PhotoPreviewWindow.xaml","ON/OFFを往復し、対象と表示を確認","UI_TEST_PLANの分野別契約とUSER_GUIDEの操作結果を満たす","NotRun","",""
"PhotoViewerWindow-001","PhotoViewerWindow","Window","","","KeyDown=Window_KeyDown","src/PhotoFastRater.UI/Views/PhotoViewerWindow.xaml","入口から実行し、正常・前提不足・取消・再実行を確認","UI_TEST_PLANの分野別契約とUSER_GUIDEの操作結果を満たす","NotRun","",""
"PhotoViewerWindow-002","PhotoViewerWindow","Button","1","","Click=Rating_Click","src/PhotoFastRater.UI/Views/PhotoViewerWindow.xaml","入口から実行し、正常・前提不足・取消・再実行を確認","UI_TEST_PLANの分野別契約とUSER_GUIDEの操作結果を満たす","NotRun","",""
"PhotoViewerWindow-003","PhotoViewerWindow","Button","2","","Click=Rating_Click","src/PhotoFastRater.UI/Views/PhotoViewerWindow.xaml","入口から実行し、正常・前提不足・取消・再実行を確認","UI_TEST_PLANの分野別契約とUSER_GUIDEの操作結果を満たす","NotRun","",""
"PhotoViewerWindow-004","PhotoViewerWindow","Button","3","","Click=Rating_Click","src/PhotoFastRater.UI/Views/PhotoViewerWindow.xaml","入口から実行し、正常・前提不足・取消・再実行を確認","UI_TEST_PLANの分野別契約とUSER_GUIDEの操作結果を満たす","NotRun","",""
"PhotoViewerWindow-005","PhotoViewerWindow","Button","4","","Click=Rating_Click","src/PhotoFastRater.UI/Views/PhotoViewerWindow.xaml","入口から実行し、正常・前提不足・取消・再実行を確認","UI_TEST_PLANの分野別契約とUSER_GUIDEの操作結果を満たす","NotRun","",""
"PhotoViewerWindow-006","PhotoViewerWindow","Button","5","","Click=Rating_Click","src/PhotoFastRater.UI/Views/PhotoViewerWindow.xaml","入口から実行し、正常・前提不足・取消・再実行を確認","UI_TEST_PLANの分野別契約とUSER_GUIDEの操作結果を満たす","NotRun","",""
"PhotoViewerWindow-007","PhotoViewerWindow","ComboBox","","","","src/PhotoFastRater.UI/Views/PhotoViewerWindow.xaml","すべての選択肢を選び、状態と結果を確認","UI_TEST_PLANの分野別契約とUSER_GUIDEの操作結果を満たす","NotRun","",""
"PhotoViewerWindow-008","PhotoViewerWindow","CheckBox","枠を追加","","Checked=PreviewSetting_Changed; Unchecked=PreviewSetting_Changed","src/PhotoFastRater.UI/Views/PhotoViewerWindow.xaml","ON/OFFを往復し、対象と保存反映を確認","UI_TEST_PLANの分野別契約とUSER_GUIDEの操作結果を満たす","NotRun","",""
"PhotoViewerWindow-009","PhotoViewerWindow","Slider","","","ValueChanged=PreviewSetting_Changed","src/PhotoFastRater.UI/Views/PhotoViewerWindow.xaml","最小・既定・最大を設定し、値と効果を確認","UI_TEST_PLANの分野別契約とUSER_GUIDEの操作結果を満たす","NotRun","",""
"PhotoViewerWindow-010","PhotoViewerWindow","CheckBox","EXIF情報を表示","","Checked=PreviewSetting_Changed; Unchecked=PreviewSetting_Changed","src/PhotoFastRater.UI/Views/PhotoViewerWindow.xaml","ON/OFFを往復し、対象と保存反映を確認","UI_TEST_PLANの分野別契約とUSER_GUIDEの操作結果を満たす","NotRun","",""
"PhotoViewerWindow-011","PhotoViewerWindow","ComboBox","","","SelectionChanged=OverlayPositionComboBox_SelectionChanged","src/PhotoFastRater.UI/Views/PhotoViewerWindow.xaml","すべての選択肢を選び、状態と結果を確認","UI_TEST_PLANの分野別契約とUSER_GUIDEの操作結果を満たす","NotRun","",""
"PhotoViewerWindow-012","PhotoViewerWindow","Slider","","","ValueChanged=CustomSlider_ValueChanged","src/PhotoFastRater.UI/Views/PhotoViewerWindow.xaml","最小・既定・最大を設定し、値と効果を確認","UI_TEST_PLANの分野別契約とUSER_GUIDEの操作結果を満たす","NotRun","",""
"PhotoViewerWindow-013","PhotoViewerWindow","Slider","","","ValueChanged=CustomSlider_ValueChanged","src/PhotoFastRater.UI/Views/PhotoViewerWindow.xaml","最小・既定・最大を設定し、値と効果を確認","UI_TEST_PLANの分野別契約とUSER_GUIDEの操作結果を満たす","NotRun","",""
"PhotoViewerWindow-014","PhotoViewerWindow","Border","","","MouseLeftButtonDown=ExifPreview_MouseLeftButtonDown; MouseMove=ExifPreview_MouseMove; MouseLeftButtonUp=ExifPreview_MouseLeftButtonUp","src/PhotoFastRater.UI/Views/PhotoViewerWindow.xaml","入口から実行し、正常・前提不足・取消・再実行を確認","UI_TEST_PLANの分野別契約とUSER_GUIDEの操作結果を満たす","NotRun","",""
"PhotoViewerWindow-015","PhotoViewerWindow","Button","エクスポート","","Click=Export_Click","src/PhotoFastRater.UI/Views/PhotoViewerWindow.xaml","入口から実行し、正常・前提不足・取消・再実行を確認","UI_TEST_PLANの分野別契約とUSER_GUIDEの操作結果を満たす","NotRun","",""
"ShortcutService-code-19","ShortcutService","Code","new() { CommandName = ""NavigateUp"",     DisplayName = ""上に移動"",               Key = Key.Up },","","","src/PhotoFastRater.UI/Services/ShortcutService.cs","関連画面から到達性・入口・境界・取消を確認","分野別契約を満たし、ガイドと実動作が一致","NotRun","","コード側候補。XAML入口と照合し重複/内部処理/未接続を分類する"
"ShortcutService-code-20","ShortcutService","Code","new() { CommandName = ""NavigateDown"",   DisplayName = ""下に移動"",               Key = Key.Down },","","","src/PhotoFastRater.UI/Services/ShortcutService.cs","関連画面から到達性・入口・境界・取消を確認","分野別契約を満たし、ガイドと実動作が一致","NotRun","","コード側候補。XAML入口と照合し重複/内部処理/未接続を分類する"
"ShortcutService-code-21","ShortcutService","Code","new() { CommandName = ""NavigateLeft"",   DisplayName = ""左に移動"",               Key = Key.Left },","","","src/PhotoFastRater.UI/Services/ShortcutService.cs","関連画面から到達性・入口・境界・取消を確認","分野別契約を満たし、ガイドと実動作が一致","NotRun","","コード側候補。XAML入口と照合し重複/内部処理/未接続を分類する"
"ShortcutService-code-22","ShortcutService","Code","new() { CommandName = ""NavigateRight"",  DisplayName = ""右に移動"",               Key = Key.Right },","","","src/PhotoFastRater.UI/Services/ShortcutService.cs","関連画面から到達性・入口・境界・取消を確認","分野別契約を満たし、ガイドと実動作が一致","NotRun","","コード側候補。XAML入口と照合し重複/内部処理/未接続を分類する"
"ShortcutService-code-23","ShortcutService","Code","new() { CommandName = ""NavigateRight"",  DisplayName = ""次へ (Tab)"",             Key = Key.Tab },","","","src/PhotoFastRater.UI/Services/ShortcutService.cs","関連画面から到達性・入口・境界・取消を確認","分野別契約を満たし、ガイドと実動作が一致","NotRun","","コード側候補。XAML入口と照合し重複/内部処理/未接続を分類する"
"ShortcutService-code-24","ShortcutService","Code","new() { CommandName = ""NavigateLeft"",   DisplayName = ""前へ (Shift+Tab)"",       Key = Key.Tab, Modifiers = ModifierKeys.Shift },","","","src/PhotoFastRater.UI/Services/ShortcutService.cs","関連画面から到達性・入口・境界・取消を確認","分野別契約を満たし、ガイドと実動作が一致","NotRun","","コード側候補。XAML入口と照合し重複/内部処理/未接続を分類する"
"ShortcutService-code-25","ShortcutService","Code","new() { CommandName = ""OpenFolder"",     DisplayName = ""フォルダを開く"",         Key = Key.O, Modifiers = ModifierKeys.Control },","","","src/PhotoFastRater.UI/Services/ShortcutService.cs","関連画面から到達性・入口・境界・取消を確認","分野別契約を満たし、ガイドと実動作が一致","NotRun","","コード側候補。XAML入口と照合し重複/内部処理/未接続を分類する"
"ShortcutService-code-26","ShortcutService","Code","new() { CommandName = ""SetRating0"",     DisplayName = ""レーティング 0"",         Key = Key.D0 },","","","src/PhotoFastRater.UI/Services/ShortcutService.cs","関連画面から到達性・入口・境界・取消を確認","分野別契約を満たし、ガイドと実動作が一致","NotRun","","コード側候補。XAML入口と照合し重複/内部処理/未接続を分類する"
"ShortcutService-code-27","ShortcutService","Code","new() { CommandName = ""SetRating1"",     DisplayName = ""レーティング 1"",         Key = Key.D1 },","","","src/PhotoFastRater.UI/Services/ShortcutService.cs","関連画面から到達性・入口・境界・取消を確認","分野別契約を満たし、ガイドと実動作が一致","NotRun","","コード側候補。XAML入口と照合し重複/内部処理/未接続を分類する"
"ShortcutService-code-28","ShortcutService","Code","new() { CommandName = ""SetRating2"",     DisplayName = ""レーティング 2"",         Key = Key.D2 },","","","src/PhotoFastRater.UI/Services/ShortcutService.cs","関連画面から到達性・入口・境界・取消を確認","分野別契約を満たし、ガイドと実動作が一致","NotRun","","コード側候補。XAML入口と照合し重複/内部処理/未接続を分類する"
"ShortcutService-code-29","ShortcutService","Code","new() { CommandName = ""SetRating3"",     DisplayName = ""レーティング 3"",         Key = Key.D3 },","","","src/PhotoFastRater.UI/Services/ShortcutService.cs","関連画面から到達性・入口・境界・取消を確認","分野別契約を満たし、ガイドと実動作が一致","NotRun","","コード側候補。XAML入口と照合し重複/内部処理/未接続を分類する"
"ShortcutService-code-30","ShortcutService","Code","new() { CommandName = ""SetRating4"",     DisplayName = ""レーティング 4"",         Key = Key.D4 },","","","src/PhotoFastRater.UI/Services/ShortcutService.cs","関連画面から到達性・入口・境界・取消を確認","分野別契約を満たし、ガイドと実動作が一致","NotRun","","コード側候補。XAML入口と照合し重複/内部処理/未接続を分類する"
"ShortcutService-code-31","ShortcutService","Code","new() { CommandName = ""SetRating5"",     DisplayName = ""レーティング 5"",         Key = Key.D5 },","","","src/PhotoFastRater.UI/Services/ShortcutService.cs","関連画面から到達性・入口・境界・取消を確認","分野別契約を満たし、ガイドと実動作が一致","NotRun","","コード側候補。XAML入口と照合し重複/内部処理/未接続を分類する"
"ShortcutService-code-32","ShortcutService","Code","new() { CommandName = ""ToggleFavorite"", DisplayName = ""お気に入りトグル"",       Key = Key.F },","","","src/PhotoFastRater.UI/Services/ShortcutService.cs","関連画面から到達性・入口・境界・取消を確認","分野別契約を満たし、ガイドと実動作が一致","NotRun","","コード側候補。XAML入口と照合し重複/内部処理/未接続を分類する"
"ShortcutService-code-33","ShortcutService","Code","new() { CommandName = ""ToggleReject"",   DisplayName = ""リジェクトトグル"",       Key = Key.R },","","","src/PhotoFastRater.UI/Services/ShortcutService.cs","関連画面から到達性・入口・境界・取消を確認","分野別契約を満たし、ガイドと実動作が一致","NotRun","","コード側候補。XAML入口と照合し重複/内部処理/未接続を分類する"
"ShortcutService-code-34","ShortcutService","Code","new() { CommandName = ""ReloadFolder"",   DisplayName = ""フォルダ再読み込み"",     Key = Key.F5 },","","","src/PhotoFastRater.UI/Services/ShortcutService.cs","関連画面から到達性・入口・境界・取消を確認","分野別契約を満たし、ガイドと実動作が一致","NotRun","","コード側候補。XAML入口と照合し重複/内部処理/未接続を分類する"
"ShortcutService-code-35","ShortcutService","Code","new() { CommandName = ""NavigateHome"",   DisplayName = ""先頭に移動"",             Key = Key.Home },","","","src/PhotoFastRater.UI/Services/ShortcutService.cs","関連画面から到達性・入口・境界・取消を確認","分野別契約を満たし、ガイドと実動作が一致","NotRun","","コード側候補。XAML入口と照合し重複/内部処理/未接続を分類する"
"ShortcutService-code-36","ShortcutService","Code","new() { CommandName = ""NavigateEnd"",    DisplayName = ""終端に移動"",             Key = Key.End },","","","src/PhotoFastRater.UI/Services/ShortcutService.cs","関連画面から到達性・入口・境界・取消を確認","分野別契約を満たし、ガイドと実動作が一致","NotRun","","コード側候補。XAML入口と照合し重複/内部処理/未接続を分類する"
"WindowManager-code-34","WindowManager","Code","window.Closed += (_, _) => scope.Dispose();","","","src/PhotoFastRater.UI/Services/WindowManager.cs","関連画面から到達性・入口・境界・取消を確認","分野別契約を満たし、ガイドと実動作が一致","NotRun","","コード側候補。XAML入口と照合し重複/内部処理/未接続を分類する"
"WindowManager-code-83","WindowManager","Code","window.Closed += (_, _) => scope.Dispose();","","","src/PhotoFastRater.UI/Services/WindowManager.cs","関連画面から到達性・入口・境界・取消を確認","分野別契約を満たし、ガイドと実動作が一致","NotRun","","コード側候補。XAML入口と照合し重複/内部処理/未接続を分類する"
"CompareWorkspaceViewModel-code-85","CompareWorkspaceViewModel","Code","[RelayCommand]","","","src/PhotoFastRater.UI/ViewModels/CompareWorkspaceViewModel.cs","関連画面から到達性・入口・境界・取消を確認","分野別契約を満たし、ガイドと実動作が一致","NotRun","","コード側候補。XAML入口と照合し重複/内部処理/未接続を分類する"
"CompareWorkspaceViewModel-code-88","CompareWorkspaceViewModel","Code","[RelayCommand]","","","src/PhotoFastRater.UI/ViewModels/CompareWorkspaceViewModel.cs","関連画面から到達性・入口・境界・取消を確認","分野別契約を満たし、ガイドと実動作が一致","NotRun","","コード側候補。XAML入口と照合し重複/内部処理/未接続を分類する"
"CompareWorkspaceViewModel-code-97","CompareWorkspaceViewModel","Code","[RelayCommand]","","","src/PhotoFastRater.UI/ViewModels/CompareWorkspaceViewModel.cs","関連画面から到達性・入口・境界・取消を確認","分野別契約を満たし、ガイドと実動作が一致","NotRun","","コード側候補。XAML入口と照合し重複/内部処理/未接続を分類する"
"CompareWorkspaceViewModel-code-104","CompareWorkspaceViewModel","Code","[RelayCommand]","","","src/PhotoFastRater.UI/ViewModels/CompareWorkspaceViewModel.cs","関連画面から到達性・入口・境界・取消を確認","分野別契約を満たし、ガイドと実動作が一致","NotRun","","コード側候補。XAML入口と照合し重複/内部処理/未接続を分類する"
"EventViewModel-code-47","EventViewModel","Code","[RelayCommand]","","","src/PhotoFastRater.UI/ViewModels/EventViewModel.cs","関連画面から到達性・入口・境界・取消を確認","分野別契約を満たし、ガイドと実動作が一致","NotRun","","コード側候補。XAML入口と照合し重複/内部処理/未接続を分類する"
"EventViewModel-code-60","EventViewModel","Code","[RelayCommand]","","","src/PhotoFastRater.UI/ViewModels/EventViewModel.cs","関連画面から到達性・入口・境界・取消を確認","分野別契約を満たし、ガイドと実動作が一致","NotRun","","コード側候補。XAML入口と照合し重複/内部処理/未接続を分類する"
"EventViewModel-code-67","EventViewModel","Code","[RelayCommand]","","","src/PhotoFastRater.UI/ViewModels/EventViewModel.cs","関連画面から到達性・入口・境界・取消を確認","分野別契約を満たし、ガイドと実動作が一致","NotRun","","コード側候補。XAML入口と照合し重複/内部処理/未接続を分類する"
"EventViewModel-code-78","EventViewModel","Code","[RelayCommand]","","","src/PhotoFastRater.UI/ViewModels/EventViewModel.cs","関連画面から到達性・入口・境界・取消を確認","分野別契約を満たし、ガイドと実動作が一致","NotRun","","コード側候補。XAML入口と照合し重複/内部処理/未接続を分類する"
"ExportViewModel-code-138","ExportViewModel","Code","[RelayCommand(CanExecute = nameof(CanCancelBatch))]","","","src/PhotoFastRater.UI/ViewModels/ExportViewModel.cs","関連画面から到達性・入口・境界・取消を確認","分野別契約を満たし、ガイドと実動作が一致","NotRun","","コード側候補。XAML入口と照合し重複/内部処理/未接続を分類する"
"ExportViewModel-code-143","ExportViewModel","Code","[RelayCommand]","","","src/PhotoFastRater.UI/ViewModels/ExportViewModel.cs","関連画面から到達性・入口・境界・取消を確認","分野別契約を満たし、ガイドと実動作が一致","NotRun","","コード側候補。XAML入口と照合し重複/内部処理/未接続を分類する"
"FolderModeViewModel-code-211","FolderModeViewModel","Code","[RelayCommand]","","","src/PhotoFastRater.UI/ViewModels/FolderModeViewModel.cs","関連画面から到達性・入口・境界・取消を確認","分野別契約を満たし、ガイドと実動作が一致","NotRun","","コード側候補。XAML入口と照合し重複/内部処理/未接続を分類する"
"FolderModeViewModel-code-339","FolderModeViewModel","Code","[RelayCommand]","","","src/PhotoFastRater.UI/ViewModels/FolderModeViewModel.cs","関連画面から到達性・入口・境界・取消を確認","分野別契約を満たし、ガイドと実動作が一致","NotRun","","コード側候補。XAML入口と照合し重複/内部処理/未接続を分類する"
"FolderModeViewModel-code-362","FolderModeViewModel","Code","[RelayCommand]","","","src/PhotoFastRater.UI/ViewModels/FolderModeViewModel.cs","関連画面から到達性・入口・境界・取消を確認","分野別契約を満たし、ガイドと実動作が一致","NotRun","","コード側候補。XAML入口と照合し重複/内部処理/未接続を分類する"
"FolderModeViewModel-code-368","FolderModeViewModel","Code","[RelayCommand]","","","src/PhotoFastRater.UI/ViewModels/FolderModeViewModel.cs","関連画面から到達性・入口・境界・取消を確認","分野別契約を満たし、ガイドと実動作が一致","NotRun","","コード側候補。XAML入口と照合し重複/内部処理/未接続を分類する"
"FolderModeViewModel-code-374","FolderModeViewModel","Code","[RelayCommand]","","","src/PhotoFastRater.UI/ViewModels/FolderModeViewModel.cs","関連画面から到達性・入口・境界・取消を確認","分野別契約を満たし、ガイドと実動作が一致","NotRun","","コード側候補。XAML入口と照合し重複/内部処理/未接続を分類する"
"FolderModeViewModel-code-387","FolderModeViewModel","Code","[RelayCommand]","","","src/PhotoFastRater.UI/ViewModels/FolderModeViewModel.cs","関連画面から到達性・入口・境界・取消を確認","分野別契約を満たし、ガイドと実動作が一致","NotRun","","コード側候補。XAML入口と照合し重複/内部処理/未接続を分類する"
"FolderModeViewModel-code-395","FolderModeViewModel","Code","[RelayCommand]","","","src/PhotoFastRater.UI/ViewModels/FolderModeViewModel.cs","関連画面から到達性・入口・境界・取消を確認","分野別契約を満たし、ガイドと実動作が一致","NotRun","","コード側候補。XAML入口と照合し重複/内部処理/未接続を分類する"
"FolderModeViewModel-code-403","FolderModeViewModel","Code","[RelayCommand]","","","src/PhotoFastRater.UI/ViewModels/FolderModeViewModel.cs","関連画面から到達性・入口・境界・取消を確認","分野別契約を満たし、ガイドと実動作が一致","NotRun","","コード側候補。XAML入口と照合し重複/内部処理/未接続を分類する"
"FolderModeViewModel-code-411","FolderModeViewModel","Code","[RelayCommand]","","","src/PhotoFastRater.UI/ViewModels/FolderModeViewModel.cs","関連画面から到達性・入口・境界・取消を確認","分野別契約を満たし、ガイドと実動作が一致","NotRun","","コード側候補。XAML入口と照合し重複/内部処理/未接続を分類する"
"FolderModeViewModel-code-423","FolderModeViewModel","Code","[RelayCommand]","","","src/PhotoFastRater.UI/ViewModels/FolderModeViewModel.cs","関連画面から到達性・入口・境界・取消を確認","分野別契約を満たし、ガイドと実動作が一致","NotRun","","コード側候補。XAML入口と照合し重複/内部処理/未接続を分類する"
"FolderModeViewModel-code-441","FolderModeViewModel","Code","[RelayCommand]","","","src/PhotoFastRater.UI/ViewModels/FolderModeViewModel.cs","関連画面から到達性・入口・境界・取消を確認","分野別契約を満たし、ガイドと実動作が一致","NotRun","","コード側候補。XAML入口と照合し重複/内部処理/未接続を分類する"
"FolderModeViewModel-code-448","FolderModeViewModel","Code","[RelayCommand]","","","src/PhotoFastRater.UI/ViewModels/FolderModeViewModel.cs","関連画面から到達性・入口・境界・取消を確認","分野別契約を満たし、ガイドと実動作が一致","NotRun","","コード側候補。XAML入口と照合し重複/内部処理/未接続を分類する"
"FolderModeViewModel-code-457","FolderModeViewModel","Code","[RelayCommand]","","","src/PhotoFastRater.UI/ViewModels/FolderModeViewModel.cs","関連画面から到達性・入口・境界・取消を確認","分野別契約を満たし、ガイドと実動作が一致","NotRun","","コード側候補。XAML入口と照合し重複/内部処理/未接続を分類する"
"FolderModeViewModel-code-466","FolderModeViewModel","Code","[RelayCommand]","","","src/PhotoFastRater.UI/ViewModels/FolderModeViewModel.cs","関連画面から到達性・入口・境界・取消を確認","分野別契約を満たし、ガイドと実動作が一致","NotRun","","コード側候補。XAML入口と照合し重複/内部処理/未接続を分類する"
"FolderModeViewModel-code-499","FolderModeViewModel","Code","[RelayCommand]","","","src/PhotoFastRater.UI/ViewModels/FolderModeViewModel.cs","関連画面から到達性・入口・境界・取消を確認","分野別契約を満たし、ガイドと実動作が一致","NotRun","","コード側候補。XAML入口と照合し重複/内部処理/未接続を分類する"
"FolderModeViewModel-code-516","FolderModeViewModel","Code","[RelayCommand]","","","src/PhotoFastRater.UI/ViewModels/FolderModeViewModel.cs","関連画面から到達性・入口・境界・取消を確認","分野別契約を満たし、ガイドと実動作が一致","NotRun","","コード側候補。XAML入口と照合し重複/内部処理/未接続を分類する"
"FolderModeViewModel-code-594","FolderModeViewModel","Code","[RelayCommand]","","","src/PhotoFastRater.UI/ViewModels/FolderModeViewModel.cs","関連画面から到達性・入口・境界・取消を確認","分野別契約を満たし、ガイドと実動作が一致","NotRun","","コード側候補。XAML入口と照合し重複/内部処理/未接続を分類する"
"FolderModeViewModel-code-608","FolderModeViewModel","Code","[RelayCommand]","","","src/PhotoFastRater.UI/ViewModels/FolderModeViewModel.cs","関連画面から到達性・入口・境界・取消を確認","分野別契約を満たし、ガイドと実動作が一致","NotRun","","コード側候補。XAML入口と照合し重複/内部処理/未接続を分類する"
"FolderModeViewModel-code-651","FolderModeViewModel","Code","[RelayCommand]","","","src/PhotoFastRater.UI/ViewModels/FolderModeViewModel.cs","関連画面から到達性・入口・境界・取消を確認","分野別契約を満たし、ガイドと実動作が一致","NotRun","","コード側候補。XAML入口と照合し重複/内部処理/未接続を分類する"
"FolderModeViewModel-code-660","FolderModeViewModel","Code","[RelayCommand]","","","src/PhotoFastRater.UI/ViewModels/FolderModeViewModel.cs","関連画面から到達性・入口・境界・取消を確認","分野別契約を満たし、ガイドと実動作が一致","NotRun","","コード側候補。XAML入口と照合し重複/内部処理/未接続を分類する"
"FolderModeViewModel-code-670","FolderModeViewModel","Code","[RelayCommand]","","","src/PhotoFastRater.UI/ViewModels/FolderModeViewModel.cs","関連画面から到達性・入口・境界・取消を確認","分野別契約を満たし、ガイドと実動作が一致","NotRun","","コード側候補。XAML入口と照合し重複/内部処理/未接続を分類する"
"FolderModeViewModel-code-680","FolderModeViewModel","Code","[RelayCommand]","","","src/PhotoFastRater.UI/ViewModels/FolderModeViewModel.cs","関連画面から到達性・入口・境界・取消を確認","分野別契約を満たし、ガイドと実動作が一致","NotRun","","コード側候補。XAML入口と照合し重複/内部処理/未接続を分類する"
"FolderModeViewModel-code-691","FolderModeViewModel","Code","[RelayCommand]","","","src/PhotoFastRater.UI/ViewModels/FolderModeViewModel.cs","関連画面から到達性・入口・境界・取消を確認","分野別契約を満たし、ガイドと実動作が一致","NotRun","","コード側候補。XAML入口と照合し重複/内部処理/未接続を分類する"
"FolderModeViewModel-code-702","FolderModeViewModel","Code","[RelayCommand]","","","src/PhotoFastRater.UI/ViewModels/FolderModeViewModel.cs","関連画面から到達性・入口・境界・取消を確認","分野別契約を満たし、ガイドと実動作が一致","NotRun","","コード側候補。XAML入口と照合し重複/内部処理/未接続を分類する"
"FolderModeViewModel-code-709","FolderModeViewModel","Code","[RelayCommand]","","","src/PhotoFastRater.UI/ViewModels/FolderModeViewModel.cs","関連画面から到達性・入口・境界・取消を確認","分野別契約を満たし、ガイドと実動作が一致","NotRun","","コード側候補。XAML入口と照合し重複/内部処理/未接続を分類する"
"KeyboardShortcutsViewModel-code-32","KeyboardShortcutsViewModel","Code","[RelayCommand]","","","src/PhotoFastRater.UI/ViewModels/KeyboardShortcutsViewModel.cs","関連画面から到達性・入口・境界・取消を確認","分野別契約を満たし、ガイドと実動作が一致","NotRun","","コード側候補。XAML入口と照合し重複/内部処理/未接続を分類する"
"KeyboardShortcutsViewModel-code-60","KeyboardShortcutsViewModel","Code","[RelayCommand]","","","src/PhotoFastRater.UI/ViewModels/KeyboardShortcutsViewModel.cs","関連画面から到達性・入口・境界・取消を確認","分野別契約を満たし、ガイドと実動作が一致","NotRun","","コード側候補。XAML入口と照合し重複/内部処理/未接続を分類する"
"LibraryOrganizationViewModel-code-59","LibraryOrganizationViewModel","Code","[RelayCommand]","","","src/PhotoFastRater.UI/ViewModels/LibraryOrganizationViewModel.cs","関連画面から到達性・入口・境界・取消を確認","分野別契約を満たし、ガイドと実動作が一致","NotRun","","コード側候補。XAML入口と照合し重複/内部処理/未接続を分類する"
"LibraryOrganizationViewModel-code-62","LibraryOrganizationViewModel","Code","[RelayCommand]","","","src/PhotoFastRater.UI/ViewModels/LibraryOrganizationViewModel.cs","関連画面から到達性・入口・境界・取消を確認","分野別契約を満たし、ガイドと実動作が一致","NotRun","","コード側候補。XAML入口と照合し重複/内部処理/未接続を分類する"
"MainViewModel-code-74","MainViewModel","Code","[RelayCommand]","","","src/PhotoFastRater.UI/ViewModels/MainViewModel.cs","関連画面から到達性・入口・境界・取消を確認","分野別契約を満たし、ガイドと実動作が一致","NotRun","","コード側候補。XAML入口と照合し重複/内部処理/未接続を分類する"
"MainViewModel-code-84","MainViewModel","Code","[RelayCommand]","","","src/PhotoFastRater.UI/ViewModels/MainViewModel.cs","関連画面から到達性・入口・境界・取消を確認","分野別契約を満たし、ガイドと実動作が一致","NotRun","","コード側候補。XAML入口と照合し重複/内部処理/未接続を分類する"
"MainViewModel-code-128","MainViewModel","Code","[RelayCommand(CanExecute = nameof(CanCancelImport))]","","","src/PhotoFastRater.UI/ViewModels/MainViewModel.cs","関連画面から到達性・入口・境界・取消を確認","分野別契約を満たし、ガイドと実動作が一致","NotRun","","コード側候補。XAML入口と照合し重複/内部処理/未接続を分類する"
"MainViewModel-code-133","MainViewModel","Code","[RelayCommand]","","","src/PhotoFastRater.UI/ViewModels/MainViewModel.cs","関連画面から到達性・入口・境界・取消を確認","分野別契約を満たし、ガイドと実動作が一致","NotRun","","コード側候補。XAML入口と照合し重複/内部処理/未接続を分類する"
"MainViewModel-code-146","MainViewModel","Code","[RelayCommand]","","","src/PhotoFastRater.UI/ViewModels/MainViewModel.cs","関連画面から到達性・入口・境界・取消を確認","分野別契約を満たし、ガイドと実動作が一致","NotRun","","コード側候補。XAML入口と照合し重複/内部処理/未接続を分類する"
"MainViewModel-code-183","MainViewModel","Code","[RelayCommand]","","","src/PhotoFastRater.UI/ViewModels/MainViewModel.cs","関連画面から到達性・入口・境界・取消を確認","分野別契約を満たし、ガイドと実動作が一致","NotRun","","コード側候補。XAML入口と照合し重複/内部処理/未接続を分類する"
"MainViewModel-code-194","MainViewModel","Code","[RelayCommand]","","","src/PhotoFastRater.UI/ViewModels/MainViewModel.cs","関連画面から到達性・入口・境界・取消を確認","分野別契約を満たし、ガイドと実動作が一致","NotRun","","コード側候補。XAML入口と照合し重複/内部処理/未接続を分類する"
"MainViewModel-code-218","MainViewModel","Code","[RelayCommand]","","","src/PhotoFastRater.UI/ViewModels/MainViewModel.cs","関連画面から到達性・入口・境界・取消を確認","分野別契約を満たし、ガイドと実動作が一致","NotRun","","コード側候補。XAML入口と照合し重複/内部処理/未接続を分類する"
"MainViewModel-code-231","MainViewModel","Code","[RelayCommand]","","","src/PhotoFastRater.UI/ViewModels/MainViewModel.cs","関連画面から到達性・入口・境界・取消を確認","分野別契約を満たし、ガイドと実動作が一致","NotRun","","コード側候補。XAML入口と照合し重複/内部処理/未接続を分類する"
"ManagedFoldersViewModel-code-80","ManagedFoldersViewModel","Code","[RelayCommand]","","","src/PhotoFastRater.UI/ViewModels/ManagedFoldersViewModel.cs","関連画面から到達性・入口・境界・取消を確認","分野別契約を満たし、ガイドと実動作が一致","NotRun","","コード側候補。XAML入口と照合し重複/内部処理/未接続を分類する"
"ManagedFoldersViewModel-code-102","ManagedFoldersViewModel","Code","[RelayCommand]","","","src/PhotoFastRater.UI/ViewModels/ManagedFoldersViewModel.cs","関連画面から到達性・入口・境界・取消を確認","分野別契約を満たし、ガイドと実動作が一致","NotRun","","コード側候補。XAML入口と照合し重複/内部処理/未接続を分類する"
"ManagedFoldersViewModel-code-122","ManagedFoldersViewModel","Code","[RelayCommand]","","","src/PhotoFastRater.UI/ViewModels/ManagedFoldersViewModel.cs","関連画面から到達性・入口・境界・取消を確認","分野別契約を満たし、ガイドと実動作が一致","NotRun","","コード側候補。XAML入口と照合し重複/内部処理/未接続を分類する"
"ManagedFoldersViewModel-code-164","ManagedFoldersViewModel","Code","[RelayCommand]","","","src/PhotoFastRater.UI/ViewModels/ManagedFoldersViewModel.cs","関連画面から到達性・入口・境界・取消を確認","分野別契約を満たし、ガイドと実動作が一致","NotRun","","コード側候補。XAML入口と照合し重複/内部処理/未接続を分類する"
"ManagedFoldersViewModel-code-206","ManagedFoldersViewModel","Code","[RelayCommand]","","","src/PhotoFastRater.UI/ViewModels/ManagedFoldersViewModel.cs","関連画面から到達性・入口・境界・取消を確認","分野別契約を満たし、ガイドと実動作が一致","NotRun","","コード側候補。XAML入口と照合し重複/内部処理/未接続を分類する"
"ManagedFoldersViewModel-code-240","ManagedFoldersViewModel","Code","[RelayCommand]","","","src/PhotoFastRater.UI/ViewModels/ManagedFoldersViewModel.cs","関連画面から到達性・入口・境界・取消を確認","分野別契約を満たし、ガイドと実動作が一致","NotRun","","コード側候補。XAML入口と照合し重複/内部処理/未接続を分類する"
"ManagedFoldersViewModel-code-260","ManagedFoldersViewModel","Code","[RelayCommand]","","","src/PhotoFastRater.UI/ViewModels/ManagedFoldersViewModel.cs","関連画面から到達性・入口・境界・取消を確認","分野別契約を満たし、ガイドと実動作が一致","NotRun","","コード側候補。XAML入口と照合し重複/内部処理/未接続を分類する"
"PhotoGridViewModel-code-103","PhotoGridViewModel","Code","((System.ComponentModel.INotifyPropertyChanged)Photos).PropertyChanged += (_, eventArgs) =>","","","src/PhotoFastRater.UI/ViewModels/PhotoGridViewModel.cs","関連画面から到達性・入口・境界・取消を確認","分野別契約を満たし、ガイドと実動作が一致","NotRun","","コード側候補。XAML入口と照合し重複/内部処理/未接続を分類する"
"PhotoGridViewModel-code-212","PhotoGridViewModel","Code","[RelayCommand]","","","src/PhotoFastRater.UI/ViewModels/PhotoGridViewModel.cs","関連画面から到達性・入口・境界・取消を確認","分野別契約を満たし、ガイドと実動作が一致","NotRun","","コード側候補。XAML入口と照合し重複/内部処理/未接続を分類する"
"PhotoGridViewModel-code-223","PhotoGridViewModel","Code","[RelayCommand]","","","src/PhotoFastRater.UI/ViewModels/PhotoGridViewModel.cs","関連画面から到達性・入口・境界・取消を確認","分野別契約を満たし、ガイドと実動作が一致","NotRun","","コード側候補。XAML入口と照合し重複/内部処理/未接続を分類する"
"PhotoGridViewModel-code-234","PhotoGridViewModel","Code","[RelayCommand]","","","src/PhotoFastRater.UI/ViewModels/PhotoGridViewModel.cs","関連画面から到達性・入口・境界・取消を確認","分野別契約を満たし、ガイドと実動作が一致","NotRun","","コード側候補。XAML入口と照合し重複/内部処理/未接続を分類する"
"PhotoGridViewModel-code-241","PhotoGridViewModel","Code","[RelayCommand]","","","src/PhotoFastRater.UI/ViewModels/PhotoGridViewModel.cs","関連画面から到達性・入口・境界・取消を確認","分野別契約を満たし、ガイドと実動作が一致","NotRun","","コード側候補。XAML入口と照合し重複/内部処理/未接続を分類する"
"PhotoGridViewModel-code-248","PhotoGridViewModel","Code","[RelayCommand]","","","src/PhotoFastRater.UI/ViewModels/PhotoGridViewModel.cs","関連画面から到達性・入口・境界・取消を確認","分野別契約を満たし、ガイドと実動作が一致","NotRun","","コード側候補。XAML入口と照合し重複/内部処理/未接続を分類する"
"PhotoGridViewModel-code-266","PhotoGridViewModel","Code","[RelayCommand]","","","src/PhotoFastRater.UI/ViewModels/PhotoGridViewModel.cs","関連画面から到達性・入口・境界・取消を確認","分野別契約を満たし、ガイドと実動作が一致","NotRun","","コード側候補。XAML入口と照合し重複/内部処理/未接続を分類する"
"PhotoGridViewModel-code-273","PhotoGridViewModel","Code","[RelayCommand]","","","src/PhotoFastRater.UI/ViewModels/PhotoGridViewModel.cs","関連画面から到達性・入口・境界・取消を確認","分野別契約を満たし、ガイドと実動作が一致","NotRun","","コード側候補。XAML入口と照合し重複/内部処理/未接続を分類する"
"PhotoGridViewModel-code-287","PhotoGridViewModel","Code","[RelayCommand]","","","src/PhotoFastRater.UI/ViewModels/PhotoGridViewModel.cs","関連画面から到達性・入口・境界・取消を確認","分野別契約を満たし、ガイドと実動作が一致","NotRun","","コード側候補。XAML入口と照合し重複/内部処理/未接続を分類する"
"PhotoGridViewModel-code-301","PhotoGridViewModel","Code","[RelayCommand]","","","src/PhotoFastRater.UI/ViewModels/PhotoGridViewModel.cs","関連画面から到達性・入口・境界・取消を確認","分野別契約を満たし、ガイドと実動作が一致","NotRun","","コード側候補。XAML入口と照合し重複/内部処理/未接続を分類する"
"PhotoGridViewModel-code-313","PhotoGridViewModel","Code","[RelayCommand]","","","src/PhotoFastRater.UI/ViewModels/PhotoGridViewModel.cs","関連画面から到達性・入口・境界・取消を確認","分野別契約を満たし、ガイドと実動作が一致","NotRun","","コード側候補。XAML入口と照合し重複/内部処理/未接続を分類する"
"PhotoGridViewModel-code-439","PhotoGridViewModel","Code","[RelayCommand]","","","src/PhotoFastRater.UI/ViewModels/PhotoGridViewModel.cs","関連画面から到達性・入口・境界・取消を確認","分野別契約を満たし、ガイドと実動作が一致","NotRun","","コード側候補。XAML入口と照合し重複/内部処理/未接続を分類する"
"PhotoGridViewModel-code-570","PhotoGridViewModel","Code","[RelayCommand]","","","src/PhotoFastRater.UI/ViewModels/PhotoGridViewModel.cs","関連画面から到達性・入口・境界・取消を確認","分野別契約を満たし、ガイドと実動作が一致","NotRun","","コード側候補。XAML入口と照合し重複/内部処理/未接続を分類する"
"SettingsViewModel-code-85","SettingsViewModel","Code","[RelayCommand]","","","src/PhotoFastRater.UI/ViewModels/SettingsViewModel.cs","関連画面から到達性・入口・境界・取消を確認","分野別契約を満たし、ガイドと実動作が一致","NotRun","","コード側候補。XAML入口と照合し重複/内部処理/未接続を分類する"
"SettingsViewModel-code-93","SettingsViewModel","Code","[RelayCommand]","","","src/PhotoFastRater.UI/ViewModels/SettingsViewModel.cs","関連画面から到達性・入口・境界・取消を確認","分野別契約を満たし、ガイドと実動作が一致","NotRun","","コード側候補。XAML入口と照合し重複/内部処理/未接続を分類する"
"SettingsViewModel-code-116","SettingsViewModel","Code","[RelayCommand]","","","src/PhotoFastRater.UI/ViewModels/SettingsViewModel.cs","関連画面から到達性・入口・境界・取消を確認","分野別契約を満たし、ガイドと実動作が一致","NotRun","","コード側候補。XAML入口と照合し重複/内部処理/未接続を分類する"
"FolderModeWindow.xaml-code-50","FolderModeWindow.xaml","Code","viewModel.PropertyChanged += (s, e) =>","","","src/PhotoFastRater.UI/Views/FolderModeWindow.xaml.cs","関連画面から到達性・入口・境界・取消を確認","分野別契約を満たし、ガイドと実動作が一致","NotRun","","コード側候補。XAML入口と照合し重複/内部処理/未接続を分類する"
"FolderModeWindow.xaml-code-69","FolderModeWindow.xaml","Code","viewModel.ShortcutsUpdated += () => _activeShortcuts = _shortcutService.Load();","","","src/PhotoFastRater.UI/Views/FolderModeWindow.xaml.cs","関連画面から到達性・入口・境界・取消を確認","分野別契約を満たし、ガイドと実動作が一致","NotRun","","コード側候補。XAML入口と照合し重複/内部処理/未接続を分類する"
"FolderModeWindow.xaml-code-71","FolderModeWindow.xaml","Code","viewModel.BoundaryReached += atStart =>","","","src/PhotoFastRater.UI/Views/FolderModeWindow.xaml.cs","関連画面から到達性・入口・境界・取消を確認","分野別契約を満たし、ガイドと実動作が一致","NotRun","","コード側候補。XAML入口と照合し重複/内部処理/未接続を分類する"
"FolderModeWindow.xaml-code-77","FolderModeWindow.xaml","Code","PreviewKeyDown += HandleShortcutKeys;","","","src/PhotoFastRater.UI/Views/FolderModeWindow.xaml.cs","関連画面から到達性・入口・境界・取消を確認","分野別契約を満たし、ガイドと実動作が一致","NotRun","","コード側候補。XAML入口と照合し重複/内部処理/未接続を分類する"
"FolderModeWindow.xaml-code-78","FolderModeWindow.xaml","Code","PreviewMouseWheel += (_, e) =>","","","src/PhotoFastRater.UI/Views/FolderModeWindow.xaml.cs","関連画面から到達性・入口・境界・取消を確認","分野別契約を満たし、ガイドと実動作が一致","NotRun","","コード側候補。XAML入口と照合し重複/内部処理/未接続を分類する"
"FolderModeWindow.xaml-code-88","FolderModeWindow.xaml","Code","Loaded += (_, _) =>","","","src/PhotoFastRater.UI/Views/FolderModeWindow.xaml.cs","関連画面から到達性・入口・境界・取消を確認","分野別契約を満たし、ガイドと実動作が一致","NotRun","","コード側候補。XAML入口と照合し重複/内部処理/未接続を分類する"
"FolderModeWindow.xaml-code-90","FolderModeWindow.xaml","Code","PhotoScrollViewer.ScrollChanged += OnPhotoScrollChanged;","","","src/PhotoFastRater.UI/Views/FolderModeWindow.xaml.cs","関連画面から到達性・入口・境界・取消を確認","分野別契約を満たし、ガイドと実動作が一致","NotRun","","コード側候補。XAML入口と照合し重複/内部処理/未接続を分類する"
"MainWindow.xaml-code-20","MainWindow.xaml","Code","PreviewMouseWheel += (_, e) =>","","","src/PhotoFastRater.UI/Views/MainWindow.xaml.cs","関連画面から到達性・入口・境界・取消を確認","分野別契約を満たし、ガイドと実動作が一致","NotRun","","コード側候補。XAML入口と照合し重複/内部処理/未接続を分類する"
"MainWindow.xaml-code-30","MainWindow.xaml","Code","Loaded += (_, _) =>","","","src/PhotoFastRater.UI/Views/MainWindow.xaml.cs","関連画面から到達性・入口・境界・取消を確認","分野別契約を満たし、ガイドと実動作が一致","NotRun","","コード側候補。XAML入口と照合し重複/内部処理/未接続を分類する"
"MainWindow.xaml-code-34","MainWindow.xaml","Code","PhotoGridScrollViewer.SizeChanged += (s, e) =>","","","src/PhotoFastRater.UI/Views/MainWindow.xaml.cs","関連画面から到達性・入口・境界・取消を確認","分野別契約を満たし、ガイドと実動作が一致","NotRun","","コード側候補。XAML入口と照合し重複/内部処理/未接続を分類する"
"PhotoViewerWindow.xaml-code-29","PhotoViewerWindow.xaml","Code","PlatformComboBox.SelectionChanged += PlatformComboBox_SelectionChanged;","","","src/PhotoFastRater.UI/Views/PhotoViewerWindow.xaml.cs","関連画面から到達性・入口・境界・取消を確認","分野別契約を満たし、ガイドと実動作が一致","NotRun","","コード側候補。XAML入口と照合し重複/内部処理/未接続を分類する"
"PhotoViewerWindow.xaml-code-79","PhotoViewerWindow.xaml","Code","case Key.Escape:","","","src/PhotoFastRater.UI/Views/PhotoViewerWindow.xaml.cs","関連画面から到達性・入口・境界・取消を確認","分野別契約を満たし、ガイドと実動作が一致","NotRun","","コード側候補。XAML入口と照合し重複/内部処理/未接続を分類する"
"PhotoViewerWindow.xaml-code-80","PhotoViewerWindow.xaml","Code","case Key.Q:","","","src/PhotoFastRater.UI/Views/PhotoViewerWindow.xaml.cs","関連画面から到達性・入口・境界・取消を確認","分野別契約を満たし、ガイドと実動作が一致","NotRun","","コード側候補。XAML入口と照合し重複/内部処理/未接続を分類する"
"PhotoViewerWindow.xaml-code-83","PhotoViewerWindow.xaml","Code","case Key.D1:","","","src/PhotoFastRater.UI/Views/PhotoViewerWindow.xaml.cs","関連画面から到達性・入口・境界・取消を確認","分野別契約を満たし、ガイドと実動作が一致","NotRun","","コード側候補。XAML入口と照合し重複/内部処理/未接続を分類する"
"PhotoViewerWindow.xaml-code-84","PhotoViewerWindow.xaml","Code","case Key.NumPad1:","","","src/PhotoFastRater.UI/Views/PhotoViewerWindow.xaml.cs","関連画面から到達性・入口・境界・取消を確認","分野別契約を満たし、ガイドと実動作が一致","NotRun","","コード側候補。XAML入口と照合し重複/内部処理/未接続を分類する"
"PhotoViewerWindow.xaml-code-87","PhotoViewerWindow.xaml","Code","case Key.D2:","","","src/PhotoFastRater.UI/Views/PhotoViewerWindow.xaml.cs","関連画面から到達性・入口・境界・取消を確認","分野別契約を満たし、ガイドと実動作が一致","NotRun","","コード側候補。XAML入口と照合し重複/内部処理/未接続を分類する"
"PhotoViewerWindow.xaml-code-88","PhotoViewerWindow.xaml","Code","case Key.NumPad2:","","","src/PhotoFastRater.UI/Views/PhotoViewerWindow.xaml.cs","関連画面から到達性・入口・境界・取消を確認","分野別契約を満たし、ガイドと実動作が一致","NotRun","","コード側候補。XAML入口と照合し重複/内部処理/未接続を分類する"
"PhotoViewerWindow.xaml-code-91","PhotoViewerWindow.xaml","Code","case Key.D3:","","","src/PhotoFastRater.UI/Views/PhotoViewerWindow.xaml.cs","関連画面から到達性・入口・境界・取消を確認","分野別契約を満たし、ガイドと実動作が一致","NotRun","","コード側候補。XAML入口と照合し重複/内部処理/未接続を分類する"
"PhotoViewerWindow.xaml-code-92","PhotoViewerWindow.xaml","Code","case Key.NumPad3:","","","src/PhotoFastRater.UI/Views/PhotoViewerWindow.xaml.cs","関連画面から到達性・入口・境界・取消を確認","分野別契約を満たし、ガイドと実動作が一致","NotRun","","コード側候補。XAML入口と照合し重複/内部処理/未接続を分類する"
"PhotoViewerWindow.xaml-code-95","PhotoViewerWindow.xaml","Code","case Key.D4:","","","src/PhotoFastRater.UI/Views/PhotoViewerWindow.xaml.cs","関連画面から到達性・入口・境界・取消を確認","分野別契約を満たし、ガイドと実動作が一致","NotRun","","コード側候補。XAML入口と照合し重複/内部処理/未接続を分類する"
"PhotoViewerWindow.xaml-code-96","PhotoViewerWindow.xaml","Code","case Key.NumPad4:","","","src/PhotoFastRater.UI/Views/PhotoViewerWindow.xaml.cs","関連画面から到達性・入口・境界・取消を確認","分野別契約を満たし、ガイドと実動作が一致","NotRun","","コード側候補。XAML入口と照合し重複/内部処理/未接続を分類する"
"PhotoViewerWindow.xaml-code-99","PhotoViewerWindow.xaml","Code","case Key.D5:","","","src/PhotoFastRater.UI/Views/PhotoViewerWindow.xaml.cs","関連画面から到達性・入口・境界・取消を確認","分野別契約を満たし、ガイドと実動作が一致","NotRun","","コード側候補。XAML入口と照合し重複/内部処理/未接続を分類する"
"PhotoViewerWindow.xaml-code-100","PhotoViewerWindow.xaml","Code","case Key.NumPad5:","","","src/PhotoFastRater.UI/Views/PhotoViewerWindow.xaml.cs","関連画面から到達性・入口・境界・取消を確認","分野別契約を満たし、ガイドと実動作が一致","NotRun","","コード側候補。XAML入口と照合し重複/内部処理/未接続を分類する"
